plot,obs_year,species,n_obs,n_visits
plot_1,2017,blams,5,10
plot_1,2017,bofik,1,10
plot_1,2017,domhe,0,10
plot_1,2017,dubbt,0,10
plot_1,2017,entia,0,10
plot_1,2017,gardg,1,10
plot_1,2017,gok,0,6
plot_1,2017,grafe,0,6
plot_1,2017,gronk,0,10
plot_1,2017,jarnv,1,10
plot_1,2017,jarpe,0,10
plot_1,2017,koltt,0,10
plot_1,2017,kraka,0,10
plot_1,2017,kungl,3,10
plot_1,2017,lovse,0,6
plot_1,2017,minde,0,6
plot_1,2017,morka,0,10
plot_1,2017,notsa,0,10
plot_1,2017,notva,0,10
plot_1,2017,ringa,0,10
plot_1,2017,rodhe,5,10
plot_1,2017,stenk,0,10
plot_1,2017,stort,0,10
plot_1,2017,svara,0,6
plot_1,2017,svare,0,6
plot_1,2017,svars,0,10
plot_1,2017,talge,5,10
plot_1,2017,talla,0,10
plot_1,2017,taltt,0,10
plot_1,2017,tofss,1,10
plot_1,2017,trake,0,10
plot_1,2017,trapa,0,6
plot_1,2017,trase,0,6
plot_1,2018,blams,7,10
plot_1,2018,bofik,4,10
plot_1,2018,domhe,0,10
plot_1,2018,dubbt,0,10
plot_1,2018,entia,0,10
plot_1,2018,gardg,0,10
plot_1,2018,gok,0,6
plot_1,2018,grafe,0,6
plot_1,2018,gronk,0,10
plot_1,2018,jarnv,1,10
plot_1,2018,jarpe,0,10
plot_1,2018,koltt,3,10
plot_1,2018,kraka,0,10
plot_1,2018,kungl,4,10
plot_1,2018,lovse,0,6
plot_1,2018,minde,0,6
plot_1,2018,morka,0,10
plot_1,2018,notsa,1,10
plot_1,2018,notva,0,10
plot_1,2018,ringa,0,10
plot_1,2018,rodhe,1,10
plot_1,2018,stenk,0,10
plot_1,2018,stort,0,10
plot_1,2018,svara,0,6
plot_1,2018,svare,0,6
plot_1,2018,svars,0,10
plot_1,2018,talge,2,10
plot_1,2018,talla,1,10
plot_1,2018,taltt,3,10
plot_1,2018,tofss,5,10
plot_1,2018,trake,0,10
plot_1,2018,trapa,0,6
plot_1,2018,trase,0,6
plot_100,2017,blams,0,10
plot_100,2017,bofik,1,10
plot_100,2017,domhe,0,10
plot_100,2017,dubbt,0,10
plot_100,2017,entia,0,10
plot_100,2017,gardg,0,10
plot_100,2017,gok,0,6
plot_100,2017,grafe,0,6
plot_100,2017,gronk,0,10
plot_100,2017,jarnv,2,10
plot_100,2017,jarpe,0,10
plot_100,2017,koltt,0,10
plot_100,2017,kraka,0,10
plot_100,2017,kungl,0,10
plot_100,2017,lovse,3,6
plot_100,2017,minde,0,6
plot_100,2017,morka,0,10
plot_100,2017,notsa,0,10
plot_100,2017,notva,0,10
plot_100,2017,ringa,0,10
plot_100,2017,rodhe,6,10
plot_100,2017,stenk,0,10
plot_100,2017,stort,0,10
plot_100,2017,svara,0,6
plot_100,2017,svare,0,6
plot_100,2017,svars,0,10
plot_100,2017,talge,7,10
plot_100,2017,talla,0,10
plot_100,2017,taltt,2,10
plot_100,2017,tofss,0,10
plot_100,2017,trake,0,10
plot_100,2017,trapa,0,6
plot_100,2017,trase,0,6
plot_100,2018,blams,3,10
plot_100,2018,bofik,2,10
plot_100,2018,domhe,0,10
plot_100,2018,dubbt,1,10
plot_100,2018,entia,0,10
plot_100,2018,gardg,1,10
plot_100,2018,gok,0,6
plot_100,2018,grafe,0,6
plot_100,2018,gronk,0,10
plot_100,2018,jarnv,0,10
plot_100,2018,jarpe,0,10
plot_100,2018,koltt,0,10
plot_100,2018,kraka,0,10
plot_100,2018,kungl,0,10
plot_100,2018,lovse,0,6
plot_100,2018,minde,0,6
plot_100,2018,morka,0,10
plot_100,2018,notsa,0,10
plot_100,2018,notva,0,10
plot_100,2018,ringa,0,10
plot_100,2018,rodhe,4,10
plot_100,2018,stenk,0,10
plot_100,2018,stort,0,10
plot_100,2018,svara,0,6
plot_100,2018,svare,0,6
plot_100,2018,svars,0,10
plot_100,2018,talge,4,10
plot_100,2018,talla,0,10
plot_100,2018,taltt,0,10
plot_100,2018,tofss,0,10
plot_100,2018,trake,0,10
plot_100,2018,trapa,0,6
plot_100,2018,trase,0,6
plot_104,2017,blams,0,10
plot_104,2017,bofik,8,10
plot_104,2017,domhe,0,10
plot_104,2017,dubbt,0,10
plot_104,2017,entia,0,10
plot_104,2017,gardg,0,10
plot_104,2017,gok,0,6
plot_104,2017,grafe,0,6
plot_104,2017,gronk,0,10
plot_104,2017,jarnv,0,10
plot_104,2017,jarpe,0,10
plot_104,2017,koltt,2,10
plot_104,2017,kraka,0,10
plot_104,2017,kungl,2,10
plot_104,2017,lovse,0,6
plot_104,2017,minde,0,6
plot_104,2017,morka,0,10
plot_104,2017,notsa,0,10
plot_104,2017,notva,0,10
plot_104,2017,ringa,0,10
plot_104,2017,rodhe,3,10
plot_104,2017,stenk,0,10
plot_104,2017,stort,0,10
plot_104,2017,svara,0,6
plot_104,2017,svare,0,6
plot_104,2017,svars,0,10
plot_104,2017,talge,4,10
plot_104,2017,talla,2,10
plot_104,2017,taltt,0,10
plot_104,2017,tofss,3,10
plot_104,2017,trake,0,10
plot_104,2017,trapa,0,6
plot_104,2017,trase,0,6
plot_12,2017,blams,2,10
plot_12,2017,bofik,7,10
plot_12,2017,domhe,0,10
plot_12,2017,dubbt,0,10
plot_12,2017,entia,0,10
plot_12,2017,gardg,0,10
plot_12,2017,gok,0,6
plot_12,2017,grafe,0,6
plot_12,2017,gronk,0,10
plot_12,2017,jarnv,0,10
plot_12,2017,jarpe,0,10
plot_12,2017,koltt,0,10
plot_12,2017,kraka,0,10
plot_12,2017,kungl,0,10
plot_12,2017,lovse,0,6
plot_12,2017,minde,0,6
plot_12,2017,morka,0,10
plot_12,2017,notsa,1,10
plot_12,2017,notva,0,10
plot_12,2017,ringa,0,10
plot_12,2017,rodhe,4,10
plot_12,2017,stenk,0,10
plot_12,2017,stort,0,10
plot_12,2017,svara,0,6
plot_12,2017,svare,0,6
plot_12,2017,svars,0,10
plot_12,2017,talge,4,10
plot_12,2017,talla,0,10
plot_12,2017,taltt,0,10
plot_12,2017,tofss,2,10
plot_12,2017,trake,0,10
plot_12,2017,trapa,0,6
plot_12,2017,trase,0,6
plot_13,2017,blams,3,10
plot_13,2017,bofik,5,10
plot_13,2017,domhe,0,10
plot_13,2017,dubbt,1,10
plot_13,2017,entia,0,10
plot_13,2017,gardg,0,10
plot_13,2017,gok,0,6
plot_13,2017,grafe,0,6
plot_13,2017,gronk,0,10
plot_13,2017,jarnv,0,10
plot_13,2017,jarpe,0,10
plot_13,2017,koltt,0,10
plot_13,2017,kraka,0,10
plot_13,2017,kungl,2,10
plot_13,2017,lovse,1,6
plot_13,2017,minde,0,6
plot_13,2017,morka,0,10
plot_13,2017,notsa,0,10
plot_13,2017,notva,0,10
plot_13,2017,ringa,0,10
plot_13,2017,rodhe,2,10
plot_13,2017,stenk,0,10
plot_13,2017,stort,0,10
plot_13,2017,svara,0,6
plot_13,2017,svare,0,6
plot_13,2017,svars,0,10
plot_13,2017,talge,2,10
plot_13,2017,talla,0,10
plot_13,2017,taltt,0,10
plot_13,2017,tofss,1,10
plot_13,2017,trake,0,10
plot_13,2017,trapa,2,6
plot_13,2017,trase,0,6
plot_17,2017,blams,1,10
plot_17,2017,bofik,3,10
plot_17,2017,domhe,0,10
plot_17,2017,dubbt,0,10
plot_17,2017,entia,0,10
plot_17,2017,gardg,0,10
plot_17,2017,gok,0,6
plot_17,2017,grafe,0,6
plot_17,2017,gronk,0,10
plot_17,2017,jarnv,1,10
plot_17,2017,jarpe,0,10
plot_17,2017,koltt,1,10
plot_17,2017,kraka,0,10
plot_17,2017,kungl,0,10
plot_17,2017,lovse,0,6
plot_17,2017,minde,0,6
plot_17,2017,morka,0,10
plot_17,2017,notsa,0,10
plot_17,2017,notva,0,10
plot_17,2017,ringa,0,10
plot_17,2017,rodhe,6,10
plot_17,2017,stenk,0,10
plot_17,2017,stort,0,10
plot_17,2017,svara,0,6
plot_17,2017,svare,0,6
plot_17,2017,svars,0,10
plot_17,2017,talge,8,10
plot_17,2017,talla,2,10
plot_17,2017,taltt,0,10
plot_17,2017,tofss,0,10
plot_17,2017,trake,0,10
plot_17,2017,trapa,0,6
plot_17,2017,trase,0,6
plot_19,2017,blams,1,10
plot_19,2017,bofik,5,10
plot_19,2017,domhe,0,10
plot_19,2017,dubbt,0,10
plot_19,2017,entia,0,10
plot_19,2017,gardg,0,10
plot_19,2017,gok,0,6
plot_19,2017,grafe,0,6
plot_19,2017,gronk,0,10
plot_19,2017,jarnv,0,10
plot_19,2017,jarpe,0,10
plot_19,2017,koltt,0,10
plot_19,2017,kraka,0,10
plot_19,2017,kungl,0,10
plot_19,2017,lovse,0,6
plot_19,2017,minde,0,6
plot_19,2017,morka,0,10
plot_19,2017,notsa,0,10
plot_19,2017,notva,0,10
plot_19,2017,ringa,0,10
plot_19,2017,rodhe,0,10
plot_19,2017,stenk,0,10
plot_19,2017,stort,0,10
plot_19,2017,svara,0,6
plot_19,2017,svare,0,6
plot_19,2017,svars,0,10
plot_19,2017,talge,6,10
plot_19,2017,talla,1,10
plot_19,2017,taltt,0,10
plot_19,2017,tofss,1,10
plot_19,2017,trake,0,10
plot_19,2017,trapa,0,6
plot_19,2017,trase,0,6
plot_20,2017,blams,4,10
plot_20,2017,bofik,8,10
plot_20,2017,domhe,0,10
plot_20,2017,dubbt,0,10
plot_20,2017,entia,0,10
plot_20,2017,gardg,0,10
plot_20,2017,gok,0,6
plot_20,2017,grafe,0,6
plot_20,2017,gronk,0,10
plot_20,2017,jarnv,0,10
plot_20,2017,jarpe,0,10
plot_20,2017,koltt,0,10
plot_20,2017,kraka,0,10
plot_20,2017,kungl,0,10
plot_20,2017,lovse,0,6
plot_20,2017,minde,0,6
plot_20,2017,morka,0,10
plot_20,2017,notsa,0,10
plot_20,2017,notva,0,10
plot_20,2017,ringa,0,10
plot_20,2017,rodhe,0,10
plot_20,2017,stenk,0,10
plot_20,2017,stort,0,10
plot_20,2017,svara,0,6
plot_20,2017,svare,0,6
plot_20,2017,svars,0,10
plot_20,2017,talge,8,10
plot_20,2017,talla,0,10
plot_20,2017,taltt,0,10
plot_20,2017,tofss,3,10
plot_20,2017,trake,2,10
plot_20,2017,trapa,0,6
plot_20,2017,trase,0,6
plot_23,2017,blams,0,10
plot_23,2017,bofik,5,10
plot_23,2017,domhe,0,10
plot_23,2017,dubbt,0,10
plot_23,2017,entia,0,10
plot_23,2017,gardg,0,10
plot_23,2017,gok,0,6
plot_23,2017,grafe,0,6
plot_23,2017,gronk,0,10
plot_23,2017,jarnv,1,10
plot_23,2017,jarpe,0,10
plot_23,2017,koltt,0,10
plot_23,2017,kraka,0,10
plot_23,2017,kungl,1,10
plot_23,2017,lovse,1,6
plot_23,2017,minde,0,6
plot_23,2017,morka,0,10
plot_23,2017,notsa,0,10
plot_23,2017,notva,0,10
plot_23,2017,ringa,0,10
plot_23,2017,rodhe,0,10
plot_23,2017,stenk,0,10
plot_23,2017,stort,0,10
plot_23,2017,svara,0,6
plot_23,2017,svare,1,6
plot_23,2017,svars,1,10
plot_23,2017,talge,4,10
plot_23,2017,talla,1,10
plot_23,2017,taltt,0,10
plot_23,2017,tofss,4,10
plot_23,2017,trake,0,10
plot_23,2017,trapa,0,6
plot_23,2017,trase,0,6
plot_25,2017,blams,3,10
plot_25,2017,bofik,5,10
plot_25,2017,domhe,0,10
plot_25,2017,dubbt,0,10
plot_25,2017,entia,0,10
plot_25,2017,gardg,0,10
plot_25,2017,gok,0,6
plot_25,2017,grafe,0,6
plot_25,2017,gronk,0,10
plot_25,2017,jarnv,0,10
plot_25,2017,jarpe,0,10
plot_25,2017,koltt,0,10
plot_25,2017,kraka,0,10
plot_25,2017,kungl,0,10
plot_25,2017,lovse,2,6
plot_25,2017,minde,0,6
plot_25,2017,morka,0,10
plot_25,2017,notsa,1,10
plot_25,2017,notva,0,10
plot_25,2017,ringa,0,10
plot_25,2017,rodhe,3,10
plot_25,2017,stenk,0,10
plot_25,2017,stort,0,10
plot_25,2017,svara,0,6
plot_25,2017,svare,2,6
plot_25,2017,svars,0,10
plot_25,2017,talge,2,10
plot_25,2017,talla,0,10
plot_25,2017,taltt,0,10
plot_25,2017,tofss,0,10
plot_25,2017,trake,0,10
plot_25,2017,trapa,2,6
plot_25,2017,trase,0,6
plot_26,2017,blams,3,10
plot_26,2017,bofik,4,10
plot_26,2017,domhe,0,10
plot_26,2017,dubbt,0,10
plot_26,2017,entia,0,10
plot_26,2017,gardg,0,10
plot_26,2017,gok,0,6
plot_26,2017,grafe,0,6
plot_26,2017,gronk,0,10
plot_26,2017,jarnv,1,10
plot_26,2017,jarpe,0,10
plot_26,2017,koltt,0,10
plot_26,2017,kraka,0,10
plot_26,2017,kungl,2,10
plot_26,2017,lovse,0,6
plot_26,2017,minde,0,6
plot_26,2017,morka,0,10
plot_26,2017,notsa,0,10
plot_26,2017,notva,0,10
plot_26,2017,ringa,0,10
plot_26,2017,rodhe,2,10
plot_26,2017,stenk,0,10
plot_26,2017,stort,1,10
plot_26,2017,svara,0,6
plot_26,2017,svare,0,6
plot_26,2017,svars,0,10
plot_26,2017,talge,4,10
plot_26,2017,talla,1,10
plot_26,2017,taltt,1,10
plot_26,2017,tofss,0,10
plot_26,2017,trake,0,10
plot_26,2017,trapa,0,6
plot_26,2017,trase,0,6
plot_29,2017,blams,2,10
plot_29,2017,bofik,6,10
plot_29,2017,domhe,0,10
plot_29,2017,dubbt,0,10
plot_29,2017,entia,0,10
plot_29,2017,gardg,1,10
plot_29,2017,gok,0,6
plot_29,2017,grafe,0,6
plot_29,2017,gronk,0,10
plot_29,2017,jarnv,0,10
plot_29,2017,jarpe,0,10
plot_29,2017,koltt,0,10
plot_29,2017,kraka,0,10
plot_29,2017,kungl,0,10
plot_29,2017,lovse,2,6
plot_29,2017,minde,0,6
plot_29,2017,morka,0,10
plot_29,2017,notsa,0,10
plot_29,2017,notva,0,10
plot_29,2017,ringa,0,10
plot_29,2017,rodhe,4,10
plot_29,2017,stenk,0,10
plot_29,2017,stort,0,10
plot_29,2017,svara,0,6
plot_29,2017,svare,3,6
plot_29,2017,svars,0,10
plot_29,2017,talge,2,10
plot_29,2017,talla,2,10
plot_29,2017,taltt,1,10
plot_29,2017,tofss,1,10
plot_29,2017,trake,0,10
plot_29,2017,trapa,0,6
plot_29,2017,trase,0,6
plot_31,2017,blams,1,10
plot_31,2017,bofik,4,10
plot_31,2017,domhe,1,10
plot_31,2017,dubbt,0,10
plot_31,2017,entia,0,10
plot_31,2017,gardg,1,10
plot_31,2017,gok,0,6
plot_31,2017,grafe,0,6
plot_31,2017,gronk,0,10
plot_31,2017,jarnv,1,10
plot_31,2017,jarpe,0,10
plot_31,2017,koltt,1,10
plot_31,2017,kraka,0,10
plot_31,2017,kungl,3,10
plot_31,2017,lovse,0,6
plot_31,2017,minde,0,6
plot_31,2017,morka,0,10
plot_31,2017,notsa,0,10
plot_31,2017,notva,1,10
plot_31,2017,ringa,2,10
plot_31,2017,rodhe,3,10
plot_31,2017,stenk,0,10
plot_31,2017,stort,0,10
plot_31,2017,svara,0,6
plot_31,2017,svare,0,6
plot_31,2017,svars,0,10
plot_31,2017,talge,4,10
plot_31,2017,talla,1,10
plot_31,2017,taltt,0,10
plot_31,2017,tofss,1,10
plot_31,2017,trake,0,10
plot_31,2017,trapa,0,6
plot_31,2017,trase,0,6
plot_31,2018,blams,3,10
plot_31,2018,bofik,3,10
plot_31,2018,domhe,0,10
plot_31,2018,dubbt,0,10
plot_31,2018,entia,0,10
plot_31,2018,gardg,1,10
plot_31,2018,gok,0,6
plot_31,2018,grafe,0,6
plot_31,2018,gronk,0,10
plot_31,2018,jarnv,0,10
plot_31,2018,jarpe,0,10
plot_31,2018,koltt,0,10
plot_31,2018,kraka,0,10
plot_31,2018,kungl,2,10
plot_31,2018,lovse,0,6
plot_31,2018,minde,0,6
plot_31,2018,morka,0,10
plot_31,2018,notsa,0,10
plot_31,2018,notva,0,10
plot_31,2018,ringa,0,10
plot_31,2018,rodhe,4,10
plot_31,2018,stenk,0,10
plot_31,2018,stort,0,10
plot_31,2018,svara,0,6
plot_31,2018,svare,2,6
plot_31,2018,svars,0,10
plot_31,2018,talge,7,10
plot_31,2018,talla,0,10
plot_31,2018,taltt,0,10
plot_31,2018,tofss,2,10
plot_31,2018,trake,3,10
plot_31,2018,trapa,2,6
plot_31,2018,trase,0,6
plot_33,2017,blams,0,10
plot_33,2017,bofik,9,10
plot_33,2017,domhe,0,10
plot_33,2017,dubbt,0,10
plot_33,2017,entia,0,10
plot_33,2017,gardg,0,10
plot_33,2017,gok,0,6
plot_33,2017,grafe,0,6
plot_33,2017,gronk,0,10
plot_33,2017,jarnv,2,10
plot_33,2017,jarpe,0,10
plot_33,2017,koltt,0,10
plot_33,2017,kraka,0,10
plot_33,2017,kungl,5,10
plot_33,2017,lovse,0,6
plot_33,2017,minde,0,6
plot_33,2017,morka,0,10
plot_33,2017,notsa,0,10
plot_33,2017,notva,0,10
plot_33,2017,ringa,0,10
plot_33,2017,rodhe,6,10
plot_33,2017,stenk,0,10
plot_33,2017,stort,0,10
plot_33,2017,svara,1,6
plot_33,2017,svare,0,6
plot_33,2017,svars,0,10
plot_33,2017,talge,3,10
plot_33,2017,talla,2,10
plot_33,2017,taltt,1,10
plot_33,2017,tofss,0,10
plot_33,2017,trake,0,10
plot_33,2017,trapa,0,6
plot_33,2017,trase,0,6
plot_33,2018,blams,0,10
plot_33,2018,bofik,7,10
plot_33,2018,domhe,0,10
plot_33,2018,dubbt,0,10
plot_33,2018,entia,0,10
plot_33,2018,gardg,1,10
plot_33,2018,gok,0,6
plot_33,2018,grafe,0,6
plot_33,2018,gronk,0,10
plot_33,2018,jarnv,0,10
plot_33,2018,jarpe,0,10
plot_33,2018,koltt,0,10
plot_33,2018,kraka,0,10
plot_33,2018,kungl,3,10
plot_33,2018,lovse,0,6
plot_33,2018,minde,0,6
plot_33,2018,morka,0,10
plot_33,2018,notsa,0,10
plot_33,2018,notva,0,10
plot_33,2018,ringa,1,10
plot_33,2018,rodhe,6,10
plot_33,2018,stenk,0,10
plot_33,2018,stort,1,10
plot_33,2018,svara,2,6
plot_33,2018,svare,0,6
plot_33,2018,svars,0,10
plot_33,2018,talge,1,10
plot_33,2018,talla,3,10
plot_33,2018,taltt,0,10
plot_33,2018,tofss,0,10
plot_33,2018,trake,0,10
plot_33,2018,trapa,0,6
plot_33,2018,trase,0,6
plot_36,2017,blams,1,10
plot_36,2017,bofik,6,10
plot_36,2017,domhe,0,10
plot_36,2017,dubbt,0,10
plot_36,2017,entia,0,10
plot_36,2017,gardg,0,10
plot_36,2017,gok,0,6
plot_36,2017,grafe,0,6
plot_36,2017,gronk,0,10
plot_36,2017,jarnv,0,10
plot_36,2017,jarpe,0,10
plot_36,2017,koltt,1,10
plot_36,2017,kraka,0,10
plot_36,2017,kungl,1,10
plot_36,2017,lovse,0,6
plot_36,2017,minde,0,6
plot_36,2017,morka,0,10
plot_36,2017,notsa,0,10
plot_36,2017,notva,0,10
plot_36,2017,ringa,0,10
plot_36,2017,rodhe,8,10
plot_36,2017,stenk,0,10
plot_36,2017,stort,0,10
plot_36,2017,svara,0,6
plot_36,2017,svare,0,6
plot_36,2017,svars,0,10
plot_36,2017,talge,0,10
plot_36,2017,talla,1,10
plot_36,2017,taltt,2,10
plot_36,2017,tofss,1,10
plot_36,2017,trake,0,10
plot_36,2017,trapa,0,6
plot_36,2017,trase,0,6
plot_36,2018,blams,0,10
plot_36,2018,bofik,3,10
plot_36,2018,domhe,0,10
plot_36,2018,dubbt,0,10
plot_36,2018,entia,0,10
plot_36,2018,gardg,0,10
plot_36,2018,gok,0,6
plot_36,2018,grafe,0,6
plot_36,2018,gronk,0,10
plot_36,2018,jarnv,0,10
plot_36,2018,jarpe,0,10
plot_36,2018,koltt,3,10
plot_36,2018,kraka,0,10
plot_36,2018,kungl,0,10
plot_36,2018,lovse,1,6
plot_36,2018,minde,0,6
plot_36,2018,morka,0,10
plot_36,2018,notsa,0,10
plot_36,2018,notva,0,10
plot_36,2018,ringa,0,10
plot_36,2018,rodhe,6,10
plot_36,2018,stenk,0,10
plot_36,2018,stort,0,10
plot_36,2018,svara,1,6
plot_36,2018,svare,0,6
plot_36,2018,svars,0,10
plot_36,2018,talge,3,10
plot_36,2018,talla,1,10
plot_36,2018,taltt,0,10
plot_36,2018,tofss,0,10
plot_36,2018,trake,0,10
plot_36,2018,trapa,0,6
plot_36,2018,trase,0,6
plot_37,2017,blams,4,10
plot_37,2017,bofik,5,10
plot_37,2017,domhe,0,10
plot_37,2017,dubbt,0,10
plot_37,2017,entia,0,10
plot_37,2017,gardg,0,10
plot_37,2017,gok,0,6
plot_37,2017,grafe,0,6
plot_37,2017,gronk,0,10
plot_37,2017,jarnv,0,10
plot_37,2017,jarpe,0,10
plot_37,2017,koltt,0,10
plot_37,2017,kraka,0,10
plot_37,2017,kungl,1,10
plot_37,2017,lovse,1,6
plot_37,2017,minde,0,6
plot_37,2017,morka,0,10
plot_37,2017,notsa,0,10
plot_37,2017,notva,1,10
plot_37,2017,ringa,0,10
plot_37,2017,rodhe,8,10
plot_37,2017,stenk,0,10
plot_37,2017,stort,0,10
plot_37,2017,svara,1,6
plot_37,2017,svare,0,6
plot_37,2017,svars,0,10
plot_37,2017,talge,4,10
plot_37,2017,talla,2,10
plot_37,2017,taltt,0,10
plot_37,2017,tofss,1,10
plot_37,2017,trake,0,10
plot_37,2017,trapa,0,6
plot_37,2017,trase,0,6
plot_37,2018,blams,6,10
plot_37,2018,bofik,2,10
plot_37,2018,domhe,0,10
plot_37,2018,dubbt,0,10
plot_37,2018,entia,0,10
plot_37,2018,gardg,0,10
plot_37,2018,gok,0,6
plot_37,2018,grafe,0,6
plot_37,2018,gronk,0,10
plot_37,2018,jarnv,0,10
plot_37,2018,jarpe,0,10
plot_37,2018,koltt,0,10
plot_37,2018,kraka,0,10
plot_37,2018,kungl,2,10
plot_37,2018,lovse,1,6
plot_37,2018,minde,0,6
plot_37,2018,morka,0,10
plot_37,2018,notsa,0,10
plot_37,2018,notva,1,10
plot_37,2018,ringa,0,10
plot_37,2018,rodhe,5,10
plot_37,2018,stenk,0,10
plot_37,2018,stort,0,10
plot_37,2018,svara,0,6
plot_37,2018,svare,1,6
plot_37,2018,svars,0,10
plot_37,2018,talge,4,10
plot_37,2018,talla,1,10
plot_37,2018,taltt,5,10
plot_37,2018,tofss,1,10
plot_37,2018,trake,0,10
plot_37,2018,trapa,0,6
plot_37,2018,trase,0,6
plot_38,2017,blams,2,10
plot_38,2017,bofik,3,10
plot_38,2017,domhe,0,10
plot_38,2017,dubbt,0,10
plot_38,2017,entia,0,10
plot_38,2017,gardg,0,10
plot_38,2017,gok,0,6
plot_38,2017,grafe,0,6
plot_38,2017,gronk,0,10
plot_38,2017,jarnv,1,10
plot_38,2017,jarpe,0,10
plot_38,2017,koltt,1,10
plot_38,2017,kraka,0,10
plot_38,2017,kungl,3,10
plot_38,2017,lovse,4,6
plot_38,2017,minde,0,6
plot_38,2017,morka,0,10
plot_38,2017,notsa,0,10
plot_38,2017,notva,0,10
plot_38,2017,ringa,0,10
plot_38,2017,rodhe,4,10
plot_38,2017,stenk,0,10
plot_38,2017,stort,0,10
plot_38,2017,svara,0,6
plot_38,2017,svare,0,6
plot_38,2017,svars,0,10
plot_38,2017,talge,4,10
plot_38,2017,talla,2,10
plot_38,2017,taltt,3,10
plot_38,2017,tofss,1,10
plot_38,2017,trake,0,10
plot_38,2017,trapa,0,6
plot_38,2017,trase,0,6
plot_39,2017,blams,2,10
plot_39,2017,bofik,5,10
plot_39,2017,domhe,0,10
plot_39,2017,dubbt,0,10
plot_39,2017,entia,0,10
plot_39,2017,gardg,0,10
plot_39,2017,gok,0,6
plot_39,2017,grafe,0,6
plot_39,2017,gronk,0,10
plot_39,2017,jarnv,0,10
plot_39,2017,jarpe,0,10
plot_39,2017,koltt,0,10
plot_39,2017,kraka,0,10
plot_39,2017,kungl,1,10
plot_39,2017,lovse,0,6
plot_39,2017,minde,0,6
plot_39,2017,morka,0,10
plot_39,2017,notsa,0,10
plot_39,2017,notva,0,10
plot_39,2017,ringa,0,10
plot_39,2017,rodhe,3,10
plot_39,2017,stenk,0,10
plot_39,2017,stort,0,10
plot_39,2017,svara,0,6
plot_39,2017,svare,0,6
plot_39,2017,svars,0,10
plot_39,2017,talge,6,10
plot_39,2017,talla,1,10
plot_39,2017,taltt,2,10
plot_39,2017,tofss,1,10
plot_39,2017,trake,0,10
plot_39,2017,trapa,2,6
plot_39,2017,trase,0,6
plot_4,2017,blams,5,10
plot_4,2017,bofik,4,10
plot_4,2017,domhe,0,10
plot_4,2017,dubbt,0,10
plot_4,2017,entia,0,10
plot_4,2017,gardg,0,10
plot_4,2017,gok,0,6
plot_4,2017,grafe,0,6
plot_4,2017,gronk,0,10
plot_4,2017,jarnv,3,10
plot_4,2017,jarpe,0,10
plot_4,2017,koltt,0,10
plot_4,2017,kraka,0,10
plot_4,2017,kungl,2,10
plot_4,2017,lovse,1,6
plot_4,2017,minde,0,6
plot_4,2017,morka,0,10
plot_4,2017,notsa,3,10
plot_4,2017,notva,0,10
plot_4,2017,ringa,2,10
plot_4,2017,rodhe,7,10
plot_4,2017,stenk,0,10
plot_4,2017,stort,0,10
plot_4,2017,svara,1,6
plot_4,2017,svare,0,6
plot_4,2017,svars,0,10
plot_4,2017,talge,0,10
plot_4,2017,talla,2,10
plot_4,2017,taltt,0,10
plot_4,2017,tofss,0,10
plot_4,2017,trake,0,10
plot_4,2017,trapa,0,6
plot_4,2017,trase,0,6
plot_4,2018,blams,6,10
plot_4,2018,bofik,4,10
plot_4,2018,domhe,0,10
plot_4,2018,dubbt,0,10
plot_4,2018,entia,0,10
plot_4,2018,gardg,0,10
plot_4,2018,gok,0,6
plot_4,2018,grafe,0,6
plot_4,2018,gronk,0,10
plot_4,2018,jarnv,0,10
plot_4,2018,jarpe,0,10
plot_4,2018,koltt,3,10
plot_4,2018,kraka,0,10
plot_4,2018,kungl,5,10
plot_4,2018,lovse,0,6
plot_4,2018,minde,0,6
plot_4,2018,morka,0,10
plot_4,2018,notsa,0,10
plot_4,2018,notva,1,10
plot_4,2018,ringa,0,10
plot_4,2018,rodhe,4,10
plot_4,2018,stenk,0,10
plot_4,2018,stort,0,10
plot_4,2018,svara,0,6
plot_4,2018,svare,0,6
plot_4,2018,svars,0,10
plot_4,2018,talge,3,10
plot_4,2018,talla,0,10
plot_4,2018,taltt,0,10
plot_4,2018,tofss,0,10
plot_4,2018,trake,0,10
plot_4,2018,trapa,0,6
plot_4,2018,trase,0,6
plot_42,2017,blams,3,10
plot_42,2017,bofik,3,10
plot_42,2017,domhe,0,10
plot_42,2017,dubbt,1,10
plot_42,2017,entia,0,10
plot_42,2017,gardg,0,10
plot_42,2017,gok,0,6
plot_42,2017,grafe,0,6
plot_42,2017,gronk,0,10
plot_42,2017,jarnv,0,10
plot_42,2017,jarpe,0,10
plot_42,2017,koltt,0,10
plot_42,2017,kraka,0,10
plot_42,2017,kungl,3,10
plot_42,2017,lovse,1,6
plot_42,2017,minde,0,6
plot_42,2017,morka,0,10
plot_42,2017,notsa,0,10
plot_42,2017,notva,0,10
plot_42,2017,ringa,0,10
plot_42,2017,rodhe,3,10
plot_42,2017,stenk,0,10
plot_42,2017,stort,0,10
plot_42,2017,svara,0,6
plot_42,2017,svare,2,6
plot_42,2017,svars,0,10
plot_42,2017,talge,5,10
plot_42,2017,talla,0,10
plot_42,2017,taltt,0,10
plot_42,2017,tofss,1,10
plot_42,2017,trake,0,10
plot_42,2017,trapa,0,6
plot_42,2017,trase,0,6
plot_45,2017,blams,6,10
plot_45,2017,bofik,9,10
plot_45,2017,domhe,0,10
plot_45,2017,dubbt,0,10
plot_45,2017,entia,0,10
plot_45,2017,gardg,5,10
plot_45,2017,gok,0,6
plot_45,2017,grafe,0,6
plot_45,2017,gronk,0,10
plot_45,2017,jarnv,1,10
plot_45,2017,jarpe,0,10
plot_45,2017,koltt,0,10
plot_45,2017,kraka,0,10
plot_45,2017,kungl,4,10
plot_45,2017,lovse,3,6
plot_45,2017,minde,0,6
plot_45,2017,morka,0,10
plot_45,2017,notsa,0,10
plot_45,2017,notva,1,10
plot_45,2017,ringa,0,10
plot_45,2017,rodhe,3,10
plot_45,2017,stenk,0,10
plot_45,2017,stort,0,10
plot_45,2017,svara,0,6
plot_45,2017,svare,1,6
plot_45,2017,svars,1,10
plot_45,2017,talge,5,10
plot_45,2017,talla,0,10
plot_45,2017,taltt,0,10
plot_45,2017,tofss,4,10
plot_45,2017,trake,2,10
plot_45,2017,trapa,0,6
plot_45,2017,trase,0,6
plot_46,2017,blams,1,10
plot_46,2017,bofik,4,10
plot_46,2017,domhe,0,10
plot_46,2017,dubbt,0,10
plot_46,2017,entia,0,10
plot_46,2017,gardg,0,10
plot_46,2017,gok,0,6
plot_46,2017,grafe,0,6
plot_46,2017,gronk,0,10
plot_46,2017,jarnv,0,10
plot_46,2017,jarpe,0,10
plot_46,2017,koltt,1,10
plot_46,2017,kraka,0,10
plot_46,2017,kungl,3,10
plot_46,2017,lovse,0,6
plot_46,2017,minde,0,6
plot_46,2017,morka,0,10
plot_46,2017,notsa,0,10
plot_46,2017,notva,1,10
plot_46,2017,ringa,0,10
plot_46,2017,rodhe,7,10
plot_46,2017,stenk,0,10
plot_46,2017,stort,0,10
plot_46,2017,svara,0,6
plot_46,2017,svare,0,6
plot_46,2017,svars,1,10
plot_46,2017,talge,7,10
plot_46,2017,talla,1,10
plot_46,2017,taltt,0,10
plot_46,2017,tofss,2,10
plot_46,2017,trake,0,10
plot_46,2017,trapa,1,6
plot_46,2017,trase,0,6
plot_49,2017,blams,0,10
plot_49,2017,bofik,7,10
plot_49,2017,domhe,1,10
plot_49,2017,dubbt,0,10
plot_49,2017,entia,0,10
plot_49,2017,gardg,0,10
plot_49,2017,gok,0,6
plot_49,2017,grafe,0,6
plot_49,2017,gronk,0,10
plot_49,2017,jarnv,0,10
plot_49,2017,jarpe,0,10
plot_49,2017,koltt,1,10
plot_49,2017,kraka,0,10
plot_49,2017,kungl,0,10
plot_49,2017,lovse,0,6
plot_49,2017,minde,0,6
plot_49,2017,morka,0,10
plot_49,2017,notsa,0,10
plot_49,2017,notva,2,10
plot_49,2017,ringa,0,10
plot_49,2017,rodhe,0,10
plot_49,2017,stenk,0,10
plot_49,2017,stort,0,10
plot_49,2017,svara,0,6
plot_49,2017,svare,3,6
plot_49,2017,svars,1,10
plot_49,2017,talge,7,10
plot_49,2017,talla,0,10
plot_49,2017,taltt,0,10
plot_49,2017,tofss,2,10
plot_49,2017,trake,0,10
plot_49,2017,trapa,0,6
plot_49,2017,trase,1,6
plot_5,2017,blams,4,10
plot_5,2017,bofik,4,10
plot_5,2017,domhe,0,10
plot_5,2017,dubbt,0,10
plot_5,2017,entia,0,10
plot_5,2017,gardg,0,10
plot_5,2017,gok,0,6
plot_5,2017,grafe,0,6
plot_5,2017,gronk,0,10
plot_5,2017,jarnv,0,10
plot_5,2017,jarpe,0,10
plot_5,2017,koltt,0,10
plot_5,2017,kraka,0,10
plot_5,2017,kungl,3,10
plot_5,2017,lovse,2,6
plot_5,2017,minde,0,6
plot_5,2017,morka,0,10
plot_5,2017,notsa,0,10
plot_5,2017,notva,0,10
plot_5,2017,ringa,0,10
plot_5,2017,rodhe,6,10
plot_5,2017,stenk,0,10
plot_5,2017,stort,0,10
plot_5,2017,svara,0,6
plot_5,2017,svare,0,6
plot_5,2017,svars,1,10
plot_5,2017,talge,8,10
plot_5,2017,talla,0,10
plot_5,2017,taltt,0,10
plot_5,2017,tofss,0,10
plot_5,2017,trake,0,10
plot_5,2017,trapa,0,6
plot_5,2017,trase,0,6
plot_50,2017,blams,3,10
plot_50,2017,bofik,8,10
plot_50,2017,domhe,0,10
plot_50,2017,dubbt,0,10
plot_50,2017,entia,0,10
plot_50,2017,gardg,0,10
plot_50,2017,gok,0,6
plot_50,2017,grafe,0,6
plot_50,2017,gronk,0,10
plot_50,2017,jarnv,1,10
plot_50,2017,jarpe,0,10
plot_50,2017,koltt,0,10
plot_50,2017,kraka,0,10
plot_50,2017,kungl,0,10
plot_50,2017,lovse,0,6
plot_50,2017,minde,0,6
plot_50,2017,morka,0,10
plot_50,2017,notsa,0,10
plot_50,2017,notva,0,10
plot_50,2017,ringa,0,10
plot_50,2017,rodhe,5,10
plot_50,2017,stenk,0,10
plot_50,2017,stort,0,10
plot_50,2017,svara,0,8
plot_50,2017,svare,0,6
plot_50,2017,svars,0,10
plot_50,2017,talge,2,10
plot_50,2017,talla,0,10
plot_50,2017,taltt,0,10
plot_50,2017,tofss,1,10
plot_50,2017,trake,0,10
plot_50,2017,trapa,0,6
plot_50,2017,trase,0,6
plot_52,2017,blams,3,10
plot_52,2017,bofik,4,10
plot_52,2017,domhe,0,10
plot_52,2017,dubbt,0,10
plot_52,2017,entia,0,10
plot_52,2017,gardg,0,10
plot_52,2017,gok,0,6
plot_52,2017,grafe,0,6
plot_52,2017,gronk,0,10
plot_52,2017,jarnv,0,10
plot_52,2017,jarpe,0,10
plot_52,2017,koltt,0,10
plot_52,2017,kraka,0,10
plot_52,2017,kungl,1,10
plot_52,2017,lovse,0,6
plot_52,2017,minde,0,6
plot_52,2017,morka,0,10
plot_52,2017,notsa,0,10
plot_52,2017,notva,0,10
plot_52,2017,ringa,0,10
plot_52,2017,rodhe,3,10
plot_52,2017,stenk,0,10
plot_52,2017,stort,0,10
plot_52,2017,svara,0,8
plot_52,2017,svare,0,6
plot_52,2017,svars,0,10
plot_52,2017,talge,2,10
plot_52,2017,talla,1,10
plot_52,2017,taltt,0,10
plot_52,2017,tofss,1,10
plot_52,2017,trake,0,10
plot_52,2017,trapa,0,6
plot_52,2017,trase,0,6
plot_53,2017,blams,2,10
plot_53,2017,bofik,10,10
plot_53,2017,domhe,0,10
plot_53,2017,dubbt,0,10
plot_53,2017,entia,0,10
plot_53,2017,gardg,1,10
plot_53,2017,gok,0,6
plot_53,2017,grafe,0,6
plot_53,2017,gronk,0,10
plot_53,2017,jarnv,1,10
plot_53,2017,jarpe,0,10
plot_53,2017,koltt,0,10
plot_53,2017,kraka,0,10
plot_53,2017,kungl,2,10
plot_53,2017,lovse,1,6
plot_53,2017,minde,0,6
plot_53,2017,morka,0,10
plot_53,2017,notsa,0,10
plot_53,2017,notva,1,10
plot_53,2017,ringa,0,10
plot_53,2017,rodhe,1,10
plot_53,2017,stenk,0,10
plot_53,2017,stort,0,10
plot_53,2017,svara,1,8
plot_53,2017,svare,0,6
plot_53,2017,svars,3,10
plot_53,2017,talge,9,10
plot_53,2017,talla,1,10
plot_53,2017,taltt,0,10
plot_53,2017,tofss,3,10
plot_53,2017,trake,1,10
plot_53,2017,trapa,0,6
plot_53,2017,trase,0,6
plot_55,2017,blams,1,10
plot_55,2017,bofik,7,10
plot_55,2017,domhe,0,10
plot_55,2017,dubbt,0,10
plot_55,2017,entia,0,10
plot_55,2017,gardg,0,10
plot_55,2017,gok,0,6
plot_55,2017,grafe,0,6
plot_55,2017,gronk,0,10
plot_55,2017,jarnv,0,10
plot_55,2017,jarpe,0,10
plot_55,2017,koltt,0,10
plot_55,2017,kraka,0,10
plot_55,2017,kungl,2,10
plot_55,2017,lovse,0,6
plot_55,2017,minde,0,6
plot_55,2017,morka,0,10
plot_55,2017,notsa,0,10
plot_55,2017,notva,0,10
plot_55,2017,ringa,0,10
plot_55,2017,rodhe,7,10
plot_55,2017,stenk,0,10
plot_55,2017,stort,1,10
plot_55,2017,svara,0,8
plot_55,2017,svare,0,6
plot_55,2017,svars,1,10
plot_55,2017,talge,7,10
plot_55,2017,talla,1,10
plot_55,2017,taltt,0,10
plot_55,2017,tofss,1,10
plot_55,2017,trake,0,10
plot_55,2017,trapa,0,6
plot_55,2017,trase,0,6
plot_56,2017,blams,0,10
plot_56,2017,bofik,5,10
plot_56,2017,domhe,0,10
plot_56,2017,dubbt,0,10
plot_56,2017,entia,0,10
plot_56,2017,gardg,0,10
plot_56,2017,gok,0,6
plot_56,2017,grafe,1,6
plot_56,2017,gronk,0,10
plot_56,2017,jarnv,0,10
plot_56,2017,jarpe,0,10
plot_56,2017,koltt,0,10
plot_56,2017,kraka,0,10
plot_56,2017,kungl,1,10
plot_56,2017,lovse,0,6
plot_56,2017,minde,0,6
plot_56,2017,morka,0,10
plot_56,2017,notsa,1,10
plot_56,2017,notva,0,10
plot_56,2017,ringa,0,10
plot_56,2017,rodhe,8,10
plot_56,2017,stenk,0,10
plot_56,2017,stort,1,10
plot_56,2017,svara,0,8
plot_56,2017,svare,0,6
plot_56,2017,svars,1,10
plot_56,2017,talge,6,10
plot_56,2017,talla,0,10
plot_56,2017,taltt,0,10
plot_56,2017,tofss,3,10
plot_56,2017,trake,0,10
plot_56,2017,trapa,0,6
plot_56,2017,trase,0,6
plot_58,2017,blams,2,10
plot_58,2017,bofik,7,10
plot_58,2017,domhe,0,10
plot_58,2017,dubbt,0,10
plot_58,2017,entia,0,10
plot_58,2017,gardg,1,10
plot_58,2017,gok,0,6
plot_58,2017,grafe,0,6
plot_58,2017,gronk,0,10
plot_58,2017,jarnv,0,10
plot_58,2017,jarpe,0,10
plot_58,2017,koltt,1,10
plot_58,2017,kraka,0,10
plot_58,2017,kungl,0,10
plot_58,2017,lovse,1,6
plot_58,2017,minde,0,6
plot_58,2017,morka,0,10
plot_58,2017,notsa,0,10
plot_58,2017,notva,0,10
plot_58,2017,ringa,0,10
plot_58,2017,rodhe,5,10
plot_58,2017,stenk,0,10
plot_58,2017,stort,1,10
plot_58,2017,svara,1,8
plot_58,2017,svare,0,6
plot_58,2017,svars,2,10
plot_58,2017,talge,4,10
plot_58,2017,talla,1,10
plot_58,2017,taltt,0,10
plot_58,2017,tofss,1,10
plot_58,2017,trake,1,10
plot_58,2017,trapa,0,6
plot_58,2017,trase,0,6
plot_6,2017,blams,6,10
plot_6,2017,bofik,5,10
plot_6,2017,domhe,0,10
plot_6,2017,dubbt,0,10
plot_6,2017,entia,0,10
plot_6,2017,gardg,3,10
plot_6,2017,gok,0,6
plot_6,2017,grafe,0,6
plot_6,2017,gronk,0,10
plot_6,2017,jarnv,2,10
plot_6,2017,jarpe,0,10
plot_6,2017,koltt,1,10
plot_6,2017,kraka,0,10
plot_6,2017,kungl,3,10
plot_6,2017,lovse,2,6
plot_6,2017,minde,0,6
plot_6,2017,morka,0,10
plot_6,2017,notsa,0,10
plot_6,2017,notva,2,10
plot_6,2017,ringa,1,10
plot_6,2017,rodhe,9,10
plot_6,2017,stenk,0,10
plot_6,2017,stort,0,10
plot_6,2017,svara,1,6
plot_6,2017,svare,1,6
plot_6,2017,svars,0,10
plot_6,2017,talge,6,10
plot_6,2017,talla,1,10
plot_6,2017,taltt,0,10
plot_6,2017,tofss,1,10
plot_6,2017,trake,1,10
plot_6,2017,trapa,0,6
plot_6,2017,trase,0,6
plot_6,2018,blams,5,10
plot_6,2018,bofik,2,10
plot_6,2018,domhe,0,10
plot_6,2018,dubbt,0,10
plot_6,2018,entia,0,10
plot_6,2018,gardg,0,10
plot_6,2018,gok,0,6
plot_6,2018,grafe,0,6
plot_6,2018,gronk,0,10
plot_6,2018,jarnv,2,10
plot_6,2018,jarpe,0,10
plot_6,2018,koltt,2,10
plot_6,2018,kraka,0,10
plot_6,2018,kungl,0,10
plot_6,2018,lovse,3,6
plot_6,2018,minde,0,6
plot_6,2018,morka,0,10
plot_6,2018,notsa,0,10
plot_6,2018,notva,0,10
plot_6,2018,ringa,0,10
plot_6,2018,rodhe,7,10
plot_6,2018,stenk,2,10
plot_6,2018,stort,0,10
plot_6,2018,svara,0,6
plot_6,2018,svare,0,6
plot_6,2018,svars,0,10
plot_6,2018,talge,8,10
plot_6,2018,talla,0,10
plot_6,2018,taltt,0,10
plot_6,2018,tofss,2,10
plot_6,2018,trake,0,10
plot_6,2018,trapa,0,6
plot_6,2018,trase,0,6
plot_60,2017,blams,2,10
plot_60,2017,bofik,8,10
plot_60,2017,domhe,0,10
plot_60,2017,dubbt,0,10
plot_60,2017,entia,0,10
plot_60,2017,gardg,0,10
plot_60,2017,gok,0,6
plot_60,2017,grafe,2,6
plot_60,2017,gronk,0,10
plot_60,2017,jarnv,0,10
plot_60,2017,jarpe,0,10
plot_60,2017,koltt,0,10
plot_60,2017,kraka,0,10
plot_60,2017,kungl,2,10
plot_60,2017,lovse,0,6
plot_60,2017,minde,0,6
plot_60,2017,morka,0,10
plot_60,2017,notsa,0,10
plot_60,2017,notva,1,10
plot_60,2017,ringa,0,10
plot_60,2017,rodhe,7,10
plot_60,2017,stenk,0,10
plot_60,2017,stort,2,10
plot_60,2017,svara,0,8
plot_60,2017,svare,0,6
plot_60,2017,svars,5,10
plot_60,2017,talge,4,10
plot_60,2017,talla,0,10
plot_60,2017,taltt,1,10
plot_60,2017,tofss,3,10
plot_60,2017,trake,2,10
plot_60,2017,trapa,0,6
plot_60,2017,trase,0,6
plot_61,2017,blams,3,10
plot_61,2017,bofik,8,10
plot_61,2017,domhe,0,10
plot_61,2017,dubbt,0,10
plot_61,2017,entia,0,10
plot_61,2017,gardg,4,10
plot_61,2017,gok,0,6
plot_61,2017,grafe,0,6
plot_61,2017,gronk,0,10
plot_61,2017,jarnv,2,10
plot_61,2017,jarpe,0,10
plot_61,2017,koltt,1,10
plot_61,2017,kraka,0,10
plot_61,2017,kungl,4,10
plot_61,2017,lovse,0,8
plot_61,2017,minde,0,6
plot_61,2017,morka,0,10
plot_61,2017,notsa,0,10
plot_61,2017,notva,0,10
plot_61,2017,ringa,0,10
plot_61,2017,rodhe,7,10
plot_61,2017,stenk,0,10
plot_61,2017,stort,0,10
plot_61,2017,svara,0,6
plot_61,2017,svare,0,6
plot_61,2017,svars,1,10
plot_61,2017,talge,2,10
plot_61,2017,talla,1,10
plot_61,2017,taltt,1,10
plot_61,2017,tofss,1,10
plot_61,2017,trake,0,10
plot_61,2017,trapa,0,6
plot_61,2017,trase,0,6
plot_62,2017,blams,0,10
plot_62,2017,bofik,6,10
plot_62,2017,domhe,0,10
plot_62,2017,dubbt,0,10
plot_62,2017,entia,0,10
plot_62,2017,gardg,2,10
plot_62,2017,gok,0,6
plot_62,2017,grafe,0,6
plot_62,2017,gronk,0,10
plot_62,2017,jarnv,2,10
plot_62,2017,jarpe,0,10
plot_62,2017,koltt,1,10
plot_62,2017,kraka,0,10
plot_62,2017,kungl,4,10
plot_62,2017,lovse,0,8
plot_62,2017,minde,0,6
plot_62,2017,morka,0,10
plot_62,2017,notsa,0,10
plot_62,2017,notva,0,10
plot_62,2017,ringa,0,10
plot_62,2017,rodhe,4,10
plot_62,2017,stenk,0,10
plot_62,2017,stort,0,10
plot_62,2017,svara,0,6
plot_62,2017,svare,0,6
plot_62,2017,svars,0,10
plot_62,2017,talge,2,10
plot_62,2017,talla,0,10
plot_62,2017,taltt,0,10
plot_62,2017,tofss,2,10
plot_62,2017,trake,1,10
plot_62,2017,trapa,1,6
plot_62,2017,trase,0,6
plot_64,2017,blams,0,10
plot_64,2017,bofik,8,10
plot_64,2017,domhe,0,10
plot_64,2017,dubbt,0,10
plot_64,2017,entia,0,10
plot_64,2017,gardg,0,10
plot_64,2017,gok,0,6
plot_64,2017,grafe,0,6
plot_64,2017,gronk,0,10
plot_64,2017,jarnv,1,10
plot_64,2017,jarpe,0,10
plot_64,2017,koltt,0,10
plot_64,2017,kraka,0,10
plot_64,2017,kungl,4,10
plot_64,2017,lovse,2,8
plot_64,2017,minde,0,6
plot_64,2017,morka,0,10
plot_64,2017,notsa,0,10
plot_64,2017,notva,0,10
plot_64,2017,ringa,0,10
plot_64,2017,rodhe,1,10
plot_64,2017,stenk,0,10
plot_64,2017,stort,0,10
plot_64,2017,svara,0,6
plot_64,2017,svare,0,6
plot_64,2017,svars,2,10
plot_64,2017,talge,4,10
plot_64,2017,talla,1,10
plot_64,2017,taltt,0,10
plot_64,2017,tofss,3,10
plot_64,2017,trake,3,10
plot_64,2017,trapa,1,6
plot_64,2017,trase,0,6
plot_65,2017,blams,0,10
plot_65,2017,bofik,2,10
plot_65,2017,domhe,0,10
plot_65,2017,dubbt,0,10
plot_65,2017,entia,0,10
plot_65,2017,gardg,0,10
plot_65,2017,gok,0,6
plot_65,2017,grafe,0,6
plot_65,2017,gronk,0,10
plot_65,2017,jarnv,0,10
plot_65,2017,jarpe,0,10
plot_65,2017,koltt,0,10
plot_65,2017,kraka,0,10
plot_65,2017,kungl,1,10
plot_65,2017,lovse,1,8
plot_65,2017,minde,0,6
plot_65,2017,morka,0,10
plot_65,2017,notsa,0,10
plot_65,2017,notva,1,10
plot_65,2017,ringa,0,10
plot_65,2017,rodhe,2,10
plot_65,2017,stenk,0,10
plot_65,2017,stort,0,10
plot_65,2017,svara,0,6
plot_65,2017,svare,0,6
plot_65,2017,svars,0,10
plot_65,2017,talge,10,10
plot_65,2017,talla,0,10
plot_65,2017,taltt,0,10
plot_65,2017,tofss,3,10
plot_65,2017,trake,0,10
plot_65,2017,trapa,1,6
plot_65,2017,trase,0,6
plot_66,2017,blams,1,10
plot_66,2017,bofik,8,10
plot_66,2017,domhe,0,10
plot_66,2017,dubbt,0,10
plot_66,2017,entia,0,10
plot_66,2017,gardg,0,10
plot_66,2017,gok,0,6
plot_66,2017,grafe,0,6
plot_66,2017,gronk,0,10
plot_66,2017,jarnv,2,10
plot_66,2017,jarpe,0,10
plot_66,2017,koltt,0,10
plot_66,2017,kraka,0,10
plot_66,2017,kungl,2,10
plot_66,2017,lovse,1,8
plot_66,2017,minde,0,6
plot_66,2017,morka,0,10
plot_66,2017,notsa,0,10
plot_66,2017,notva,0,10
plot_66,2017,ringa,0,10
plot_66,2017,rodhe,5,10
plot_66,2017,stenk,0,10
plot_66,2017,stort,0,10
plot_66,2017,svara,0,6
plot_66,2017,svare,0,6
plot_66,2017,svars,1,10
plot_66,2017,talge,4,10
plot_66,2017,talla,0,10
plot_66,2017,taltt,0,10
plot_66,2017,tofss,2,10
plot_66,2017,trake,1,10
plot_66,2017,trapa,0,6
plot_66,2017,trase,0,6
plot_67,2017,blams,1,10
plot_67,2017,bofik,1,10
plot_67,2017,domhe,1,10
plot_67,2017,dubbt,0,10
plot_67,2017,entia,0,10
plot_67,2017,gardg,0,10
plot_67,2017,gok,0,6
plot_67,2017,grafe,0,6
plot_67,2017,gronk,0,10
plot_67,2017,jarnv,1,10
plot_67,2017,jarpe,0,10
plot_67,2017,koltt,0,10
plot_67,2017,kraka,0,10
plot_67,2017,kungl,2,10
plot_67,2017,lovse,0,8
plot_67,2017,minde,0,6
plot_67,2017,morka,0,10
plot_67,2017,notsa,0,10
plot_67,2017,notva,0,10
plot_67,2017,ringa,0,10
plot_67,2017,rodhe,2,10
plot_67,2017,stenk,0,10
plot_67,2017,stort,0,10
plot_67,2017,svara,0,6
plot_67,2017,svare,0,6
plot_67,2017,svars,0,10
plot_67,2017,talge,7,10
plot_67,2017,talla,3,10
plot_67,2017,taltt,1,10
plot_67,2017,tofss,2,10
plot_67,2017,trake,0,10
plot_67,2017,trapa,2,6
plot_67,2017,trase,0,6
plot_68,2017,blams,0,10
plot_68,2017,bofik,6,10
plot_68,2017,domhe,0,10
plot_68,2017,dubbt,0,10
plot_68,2017,entia,0,10
plot_68,2017,gardg,0,10
plot_68,2017,gok,1,6
plot_68,2017,grafe,0,6
plot_68,2017,gronk,1,10
plot_68,2017,jarnv,0,10
plot_68,2017,jarpe,0,10
plot_68,2017,koltt,0,10
plot_68,2017,kraka,0,10
plot_68,2017,kungl,6,10
plot_68,2017,lovse,1,8
plot_68,2017,minde,0,6
plot_68,2017,morka,0,10
plot_68,2017,notsa,1,10
plot_68,2017,notva,1,10
plot_68,2017,ringa,0,10
plot_68,2017,rodhe,7,10
plot_68,2017,stenk,0,10
plot_68,2017,stort,0,10
plot_68,2017,svara,1,6
plot_68,2017,svare,0,6
plot_68,2017,svars,3,10
plot_68,2017,talge,5,10
plot_68,2017,talla,4,10
plot_68,2017,taltt,2,10
plot_68,2017,tofss,3,10
plot_68,2017,trake,0,10
plot_68,2017,trapa,0,6
plot_68,2017,trase,0,6
plot_69,2017,blams,2,10
plot_69,2017,bofik,10,10
plot_69,2017,domhe,0,10
plot_69,2017,dubbt,1,10
plot_69,2017,entia,0,10
plot_69,2017,gardg,2,10
plot_69,2017,gok,0,6
plot_69,2017,grafe,0,6
plot_69,2017,gronk,0,10
plot_69,2017,jarnv,0,10
plot_69,2017,jarpe,0,10
plot_69,2017,koltt,0,10
plot_69,2017,kraka,0,10
plot_69,2017,kungl,2,10
plot_69,2017,lovse,1,8
plot_69,2017,minde,0,6
plot_69,2017,morka,0,10
plot_69,2017,notsa,0,10
plot_69,2017,notva,0,10
plot_69,2017,ringa,0,10
plot_69,2017,rodhe,1,10
plot_69,2017,stenk,0,10
plot_69,2017,stort,0,10
plot_69,2017,svara,0,6
plot_69,2017,svare,0,6
plot_69,2017,svars,2,10
plot_69,2017,talge,4,10
plot_69,2017,talla,3,10
plot_69,2017,taltt,0,10
plot_69,2017,tofss,3,10
plot_69,2017,trake,2,10
plot_69,2017,trapa,0,6
plot_69,2017,trase,0,6
plot_71,2017,blams,2,10
plot_71,2017,bofik,9,10
plot_71,2017,domhe,0,10
plot_71,2017,dubbt,0,10
plot_71,2017,entia,0,10
plot_71,2017,gardg,0,10
plot_71,2017,gok,0,6
plot_71,2017,grafe,1,6
plot_71,2017,gronk,0,10
plot_71,2017,jarnv,0,10
plot_71,2017,jarpe,0,10
plot_71,2017,koltt,0,10
plot_71,2017,kraka,0,10
plot_71,2017,kungl,0,10
plot_71,2017,lovse,0,6
plot_71,2017,minde,0,6
plot_71,2017,morka,0,10
plot_71,2017,notsa,0,10
plot_71,2017,notva,0,10
plot_71,2017,ringa,0,10
plot_71,2017,rodhe,1,10
plot_71,2017,stenk,0,10
plot_71,2017,stort,0,10
plot_71,2017,svara,0,6
plot_71,2017,svare,2,6
plot_71,2017,svars,0,10
plot_71,2017,talge,5,10
plot_71,2017,talla,2,10
plot_71,2017,taltt,0,10
plot_71,2017,tofss,0,10
plot_71,2017,trake,0,10
plot_71,2017,trapa,0,6
plot_71,2017,trase,0,6
plot_71,2018,blams,9,10
plot_71,2018,bofik,9,10
plot_71,2018,domhe,1,10
plot_71,2018,dubbt,0,10
plot_71,2018,entia,3,10
plot_71,2018,gardg,0,10
plot_71,2018,gok,0,6
plot_71,2018,grafe,0,6
plot_71,2018,gronk,0,10
plot_71,2018,jarnv,0,10
plot_71,2018,jarpe,0,10
plot_71,2018,koltt,0,10
plot_71,2018,kraka,1,10
plot_71,2018,kungl,0,10
plot_71,2018,lovse,1,6
plot_71,2018,minde,0,6
plot_71,2018,morka,0,10
plot_71,2018,notsa,0,10
plot_71,2018,notva,0,10
plot_71,2018,ringa,0,10
plot_71,2018,rodhe,2,10
plot_71,2018,stenk,0,10
plot_71,2018,stort,0,10
plot_71,2018,svara,0,6
plot_71,2018,svare,2,6
plot_71,2018,svars,0,10
plot_71,2018,talge,4,10
plot_71,2018,talla,0,10
plot_71,2018,taltt,0,10
plot_71,2018,tofss,0,10
plot_71,2018,trake,0,10
plot_71,2018,trapa,0,6
plot_71,2018,trase,0,6
plot_72,2017,blams,4,10
plot_72,2017,bofik,6,10
plot_72,2017,domhe,0,10
plot_72,2017,dubbt,0,10
plot_72,2017,entia,0,10
plot_72,2017,gardg,0,10
plot_72,2017,gok,0,6
plot_72,2017,grafe,3,6
plot_72,2017,gronk,0,10
plot_72,2017,jarnv,0,10
plot_72,2017,jarpe,0,10
plot_72,2017,koltt,0,10
plot_72,2017,kraka,0,10
plot_72,2017,kungl,2,10
plot_72,2017,lovse,0,6
plot_72,2017,minde,0,6
plot_72,2017,morka,0,10
plot_72,2017,notsa,0,10
plot_72,2017,notva,1,10
plot_72,2017,ringa,0,10
plot_72,2017,rodhe,8,10
plot_72,2017,stenk,0,10
plot_72,2017,stort,0,10
plot_72,2017,svara,0,6
plot_72,2017,svare,0,6
plot_72,2017,svars,0,10
plot_72,2017,talge,1,10
plot_72,2017,talla,0,10
plot_72,2017,taltt,0,10
plot_72,2017,tofss,3,10
plot_72,2017,trake,0,10
plot_72,2017,trapa,0,6
plot_72,2017,trase,0,6
plot_72,2018,blams,5,10
plot_72,2018,bofik,5,10
plot_72,2018,domhe,0,10
plot_72,2018,dubbt,0,10
plot_72,2018,entia,0,10
plot_72,2018,gardg,0,10
plot_72,2018,gok,0,6
plot_72,2018,grafe,0,6
plot_72,2018,gronk,0,10
plot_72,2018,jarnv,0,10
plot_72,2018,jarpe,0,10
plot_72,2018,koltt,0,10
plot_72,2018,kraka,0,10
plot_72,2018,kungl,0,10
plot_72,2018,lovse,0,6
plot_72,2018,minde,0,6
plot_72,2018,morka,0,10
plot_72,2018,notsa,0,10
plot_72,2018,notva,0,10
plot_72,2018,ringa,0,10
plot_72,2018,rodhe,3,10
plot_72,2018,stenk,1,10
plot_72,2018,stort,0,10
plot_72,2018,svara,0,6
plot_72,2018,svare,2,6
plot_72,2018,svars,0,10
plot_72,2018,talge,1,10
plot_72,2018,talla,0,10
plot_72,2018,taltt,0,10
plot_72,2018,tofss,1,10
plot_72,2018,trake,1,10
plot_72,2018,trapa,0,6
plot_72,2018,trase,0,6
plot_73,2017,blams,4,10
plot_73,2017,bofik,7,10
plot_73,2017,domhe,0,10
plot_73,2017,dubbt,0,10
plot_73,2017,entia,0,10
plot_73,2017,gardg,1,10
plot_73,2017,gok,0,6
plot_73,2017,grafe,0,6
plot_73,2017,gronk,0,10
plot_73,2017,jarnv,0,10
plot_73,2017,jarpe,0,10
plot_73,2017,koltt,1,10
plot_73,2017,kraka,0,10
plot_73,2017,kungl,7,10
plot_73,2017,lovse,0,6
plot_73,2017,minde,0,6
plot_73,2017,morka,0,10
plot_73,2017,notsa,0,10
plot_73,2017,notva,1,10
plot_73,2017,ringa,1,10
plot_73,2017,rodhe,1,10
plot_73,2017,stenk,0,10
plot_73,2017,stort,1,10
plot_73,2017,svara,0,6
plot_73,2017,svare,0,6
plot_73,2017,svars,2,10
plot_73,2017,talge,3,10
plot_73,2017,talla,0,10
plot_73,2017,taltt,0,10
plot_73,2017,tofss,3,10
plot_73,2017,trake,0,10
plot_73,2017,trapa,0,6
plot_73,2017,trase,0,6
plot_73,2018,blams,4,10
plot_73,2018,bofik,9,10
plot_73,2018,domhe,0,10
plot_73,2018,dubbt,0,10
plot_73,2018,entia,0,10
plot_73,2018,gardg,0,10
plot_73,2018,gok,0,6
plot_73,2018,grafe,0,6
plot_73,2018,gronk,0,10
plot_73,2018,jarnv,0,10
plot_73,2018,jarpe,0,10
plot_73,2018,koltt,2,10
plot_73,2018,kraka,0,10
plot_73,2018,kungl,3,10
plot_73,2018,lovse,0,6
plot_73,2018,minde,0,6
plot_73,2018,morka,0,10
plot_73,2018,notsa,0,10
plot_73,2018,notva,0,10
plot_73,2018,ringa,0,10
plot_73,2018,rodhe,8,10
plot_73,2018,stenk,0,10
plot_73,2018,stort,0,10
plot_73,2018,svara,0,6
plot_73,2018,svare,0,6
plot_73,2018,svars,1,10
plot_73,2018,talge,8,10
plot_73,2018,talla,0,10
plot_73,2018,taltt,0,10
plot_73,2018,tofss,0,10
plot_73,2018,trake,0,10
plot_73,2018,trapa,0,6
plot_73,2018,trase,0,6
plot_74,2017,blams,9,10
plot_74,2017,bofik,8,10
plot_74,2017,domhe,0,10
plot_74,2017,dubbt,0,10
plot_74,2017,entia,0,10
plot_74,2017,gardg,1,10
plot_74,2017,gok,0,6
plot_74,2017,grafe,0,6
plot_74,2017,gronk,0,10
plot_74,2017,jarnv,0,10
plot_74,2017,jarpe,0,10
plot_74,2017,koltt,2,10
plot_74,2017,kraka,0,10
plot_74,2017,kungl,4,10
plot_74,2017,lovse,0,6
plot_74,2017,minde,0,6
plot_74,2017,morka,0,10
plot_74,2017,notsa,0,10
plot_74,2017,notva,2,10
plot_74,2017,ringa,1,10
plot_74,2017,rodhe,5,10
plot_74,2017,stenk,0,10
plot_74,2017,stort,6,10
plot_74,2017,svara,0,6
plot_74,2017,svare,0,6
plot_74,2017,svars,3,10
plot_74,2017,talge,3,10
plot_74,2017,talla,2,10
plot_74,2017,taltt,1,10
plot_74,2017,tofss,0,10
plot_74,2017,trake,0,10
plot_74,2017,trapa,0,6
plot_74,2017,trase,0,6
plot_74,2018,blams,8,10
plot_74,2018,bofik,9,10
plot_74,2018,domhe,0,10
plot_74,2018,dubbt,0,10
plot_74,2018,entia,0,10
plot_74,2018,gardg,1,10
plot_74,2018,gok,0,6
plot_74,2018,grafe,0,6
plot_74,2018,gronk,0,10
plot_74,2018,jarnv,0,10
plot_74,2018,jarpe,0,10
plot_74,2018,koltt,3,10
plot_74,2018,kraka,0,10
plot_74,2018,kungl,2,10
plot_74,2018,lovse,0,6
plot_74,2018,minde,2,6
plot_74,2018,morka,0,10
plot_74,2018,notsa,1,10
plot_74,2018,notva,4,10
plot_74,2018,ringa,0,10
plot_74,2018,rodhe,5,10
plot_74,2018,stenk,0,10
plot_74,2018,stort,1,10
plot_74,2018,svara,0,6
plot_74,2018,svare,0,6
plot_74,2018,svars,7,10
plot_74,2018,talge,6,10
plot_74,2018,talla,0,10
plot_74,2018,taltt,2,10
plot_74,2018,tofss,1,10
plot_74,2018,trake,0,10
plot_74,2018,trapa,0,6
plot_74,2018,trase,0,6
plot_75,2017,blams,4,10
plot_75,2017,bofik,8,10
plot_75,2017,domhe,0,10
plot_75,2017,dubbt,0,10
plot_75,2017,entia,0,10
plot_75,2017,gardg,1,10
plot_75,2017,gok,0,6
plot_75,2017,grafe,0,6
plot_75,2017,gronk,0,10
plot_75,2017,jarnv,0,10
plot_75,2017,jarpe,1,10
plot_75,2017,koltt,3,10
plot_75,2017,kraka,0,10
plot_75,2017,kungl,6,10
plot_75,2017,lovse,0,6
plot_75,2017,minde,0,6
plot_75,2017,morka,1,10
plot_75,2017,notsa,0,10
plot_75,2017,notva,1,10
plot_75,2017,ringa,0,10
plot_75,2017,rodhe,2,10
plot_75,2017,stenk,0,10
plot_75,2017,stort,0,10
plot_75,2017,svara,2,6
plot_75,2017,svare,0,6
plot_75,2017,svars,4,10
plot_75,2017,talge,5,10
plot_75,2017,talla,1,10
plot_75,2017,taltt,0,10
plot_75,2017,tofss,2,10
plot_75,2017,trake,1,10
plot_75,2017,trapa,0,6
plot_75,2017,trase,0,6
plot_75,2018,blams,5,10
plot_75,2018,bofik,6,10
plot_75,2018,domhe,0,10
plot_75,2018,dubbt,0,10
plot_75,2018,entia,0,10
plot_75,2018,gardg,0,10
plot_75,2018,gok,0,6
plot_75,2018,grafe,0,6
plot_75,2018,gronk,0,10
plot_75,2018,jarnv,0,10
plot_75,2018,jarpe,0,10
plot_75,2018,koltt,1,10
plot_75,2018,kraka,0,10
plot_75,2018,kungl,2,10
plot_75,2018,lovse,0,6
plot_75,2018,minde,0,6
plot_75,2018,morka,0,10
plot_75,2018,notsa,0,10
plot_75,2018,notva,2,10
plot_75,2018,ringa,0,10
plot_75,2018,rodhe,5,10
plot_75,2018,stenk,0,10
plot_75,2018,stort,0,10
plot_75,2018,svara,0,6
plot_75,2018,svare,0,6
plot_75,2018,svars,5,10
plot_75,2018,talge,8,10
plot_75,2018,talla,0,10
plot_75,2018,taltt,0,10
plot_75,2018,tofss,2,10
plot_75,2018,trake,1,10
plot_75,2018,trapa,0,6
plot_75,2018,trase,0,6
plot_79,2017,blams,0,10
plot_79,2017,bofik,7,10
plot_79,2017,domhe,0,10
plot_79,2017,dubbt,0,10
plot_79,2017,entia,0,10
plot_79,2017,gardg,2,10
plot_79,2017,gok,0,6
plot_79,2017,grafe,0,6
plot_79,2017,gronk,0,10
plot_79,2017,jarnv,0,10
plot_79,2017,jarpe,0,10
plot_79,2017,koltt,0,10
plot_79,2017,kraka,0,10
plot_79,2017,kungl,6,10
plot_79,2017,lovse,1,6
plot_79,2017,minde,0,6
plot_79,2017,morka,0,10
plot_79,2017,notsa,0,10
plot_79,2017,notva,0,10
plot_79,2017,ringa,0,10
plot_79,2017,rodhe,3,10
plot_79,2017,stenk,0,10
plot_79,2017,stort,0,10
plot_79,2017,svara,0,6
plot_79,2017,svare,0,6
plot_79,2017,svars,0,10
plot_79,2017,talge,5,10
plot_79,2017,talla,2,10
plot_79,2017,taltt,0,10
plot_79,2017,tofss,1,10
plot_79,2017,trake,0,10
plot_79,2017,trapa,0,6
plot_79,2017,trase,0,6
plot_79,2018,blams,6,10
plot_79,2018,bofik,5,10
plot_79,2018,domhe,0,10
plot_79,2018,dubbt,0,10
plot_79,2018,entia,0,10
plot_79,2018,gardg,0,10
plot_79,2018,gok,0,6
plot_79,2018,grafe,0,6
plot_79,2018,gronk,0,10
plot_79,2018,jarnv,2,10
plot_79,2018,jarpe,0,10
plot_79,2018,koltt,0,10
plot_79,2018,kraka,0,10
plot_79,2018,kungl,2,10
plot_79,2018,lovse,0,6
plot_79,2018,minde,0,6
plot_79,2018,morka,0,10
plot_79,2018,notsa,0,10
plot_79,2018,notva,0,10
plot_79,2018,ringa,1,10
plot_79,2018,rodhe,7,10
plot_79,2018,stenk,0,10
plot_79,2018,stort,0,10
plot_79,2018,svara,0,6
plot_79,2018,svare,0,6
plot_79,2018,svars,1,10
plot_79,2018,talge,3,10
plot_79,2018,talla,1,10
plot_79,2018,taltt,0,10
plot_79,2018,tofss,0,10
plot_79,2018,trake,0,10
plot_79,2018,trapa,0,6
plot_79,2018,trase,0,6
plot_8,2017,blams,3,10
plot_8,2017,bofik,6,10
plot_8,2017,domhe,0,10
plot_8,2017,dubbt,0,10
plot_8,2017,entia,0,10
plot_8,2017,gardg,0,10
plot_8,2017,gok,0,6
plot_8,2017,grafe,1,6
plot_8,2017,gronk,1,10
plot_8,2017,jarnv,0,10
plot_8,2017,jarpe,0,10
plot_8,2017,koltt,3,10
plot_8,2017,kraka,0,10
plot_8,2017,kungl,2,10
plot_8,2017,lovse,1,6
plot_8,2017,minde,0,6
plot_8,2017,morka,0,10
plot_8,2017,notsa,1,10
plot_8,2017,notva,0,10
plot_8,2017,ringa,0,10
plot_8,2017,rodhe,6,10
plot_8,2017,stenk,0,10
plot_8,2017,stort,0,10
plot_8,2017,svara,2,6
plot_8,2017,svare,0,6
plot_8,2017,svars,0,10
plot_8,2017,talge,2,10
plot_8,2017,talla,2,10
plot_8,2017,taltt,0,10
plot_8,2017,tofss,1,10
plot_8,2017,trake,0,10
plot_8,2017,trapa,0,6
plot_8,2017,trase,0,6
plot_8,2018,blams,7,10
plot_8,2018,bofik,5,10
plot_8,2018,domhe,0,10
plot_8,2018,dubbt,0,10
plot_8,2018,entia,0,10
plot_8,2018,gardg,0,10
plot_8,2018,gok,0,6
plot_8,2018,grafe,0,6
plot_8,2018,gronk,0,10
plot_8,2018,jarnv,0,10
plot_8,2018,jarpe,0,10
plot_8,2018,koltt,1,10
plot_8,2018,kraka,0,10
plot_8,2018,kungl,0,10
plot_8,2018,lovse,1,6
plot_8,2018,minde,0,6
plot_8,2018,morka,0,10
plot_8,2018,notsa,0,10
plot_8,2018,notva,0,10
plot_8,2018,ringa,0,10
plot_8,2018,rodhe,3,10
plot_8,2018,stenk,0,10
plot_8,2018,stort,0,10
plot_8,2018,svara,0,6
plot_8,2018,svare,0,6
plot_8,2018,svars,0,10
plot_8,2018,talge,3,10
plot_8,2018,talla,1,10
plot_8,2018,taltt,0,10
plot_8,2018,tofss,0,10
plot_8,2018,trake,0,10
plot_8,2018,trapa,0,6
plot_8,2018,trase,0,6
plot_83,2017,blams,0,10
plot_83,2017,bofik,5,10
plot_83,2017,domhe,0,10
plot_83,2017,dubbt,0,10
plot_83,2017,entia,0,10
plot_83,2017,gardg,0,10
plot_83,2017,gok,0,6
plot_83,2017,grafe,0,6
plot_83,2017,gronk,0,10
plot_83,2017,jarnv,0,10
plot_83,2017,jarpe,1,10
plot_83,2017,koltt,0,10
plot_83,2017,kraka,0,10
plot_83,2017,kungl,3,10
plot_83,2017,lovse,0,6
plot_83,2017,minde,0,6
plot_83,2017,morka,0,10
plot_83,2017,notsa,0,10
plot_83,2017,notva,0,10
plot_83,2017,ringa,0,10
plot_83,2017,rodhe,9,10
plot_83,2017,stenk,0,10
plot_83,2017,stort,0,10
plot_83,2017,svara,1,6
plot_83,2017,svare,0,6
plot_83,2017,svars,0,10
plot_83,2017,talge,5,10
plot_83,2017,talla,1,10
plot_83,2017,taltt,1,10
plot_83,2017,tofss,1,10
plot_83,2017,trake,1,10
plot_83,2017,trapa,0,6
plot_83,2017,trase,0,6
plot_83,2018,blams,0,10
plot_83,2018,bofik,3,10
plot_83,2018,domhe,0,10
plot_83,2018,dubbt,0,10
plot_83,2018,entia,0,10
plot_83,2018,gardg,0,10
plot_83,2018,gok,0,6
plot_83,2018,grafe,0,6
plot_83,2018,gronk,0,10
plot_83,2018,jarnv,0,10
plot_83,2018,jarpe,0,10
plot_83,2018,koltt,0,10
plot_83,2018,kraka,0,10
plot_83,2018,kungl,4,10
plot_83,2018,lovse,0,6
plot_83,2018,minde,0,6
plot_83,2018,morka,0,10
plot_83,2018,notsa,0,10
plot_83,2018,notva,0,10
plot_83,2018,ringa,0,10
plot_83,2018,rodhe,4,10
plot_83,2018,stenk,0,10
plot_83,2018,stort,0,10
plot_83,2018,svara,0,6
plot_83,2018,svare,0,6
plot_83,2018,svars,2,10
plot_83,2018,talge,4,10
plot_83,2018,talla,0,10
plot_83,2018,taltt,0,10
plot_83,2018,tofss,1,10
plot_83,2018,trake,0,10
plot_83,2018,trapa,0,6
plot_83,2018,trase,0,6
plot_85,2017,blams,0,10
plot_85,2017,bofik,8,10
plot_85,2017,domhe,0,10
plot_85,2017,dubbt,0,10
plot_85,2017,entia,0,10
plot_85,2017,gardg,2,10
plot_85,2017,gok,0,6
plot_85,2017,grafe,0,6
plot_85,2017,gronk,0,10
plot_85,2017,jarnv,0,10
plot_85,2017,jarpe,0,10
plot_85,2017,koltt,2,10
plot_85,2017,kraka,0,10
plot_85,2017,kungl,9,10
plot_85,2017,lovse,0,6
plot_85,2017,minde,0,6
plot_85,2017,morka,0,10
plot_85,2017,notsa,0,10
plot_85,2017,notva,0,10
plot_85,2017,ringa,0,10
plot_85,2017,rodhe,4,10
plot_85,2017,stenk,0,10
plot_85,2017,stort,0,10
plot_85,2017,svara,2,6
plot_85,2017,svare,0,6
plot_85,2017,svars,3,10
plot_85,2017,talge,5,10
plot_85,2017,talla,4,10
plot_85,2017,taltt,1,10
plot_85,2017,tofss,0,10
plot_85,2017,trake,1,10
plot_85,2017,trapa,0,6
plot_85,2017,trase,0,6
plot_85,2018,blams,1,10
plot_85,2018,bofik,4,10
plot_85,2018,domhe,0,10
plot_85,2018,dubbt,0,10
plot_85,2018,entia,0,10
plot_85,2018,gardg,0,10
plot_85,2018,gok,0,6
plot_85,2018,grafe,0,6
plot_85,2018,gronk,0,10
plot_85,2018,jarnv,0,10
plot_85,2018,jarpe,0,10
plot_85,2018,koltt,2,10
plot_85,2018,kraka,0,10
plot_85,2018,kungl,2,10
plot_85,2018,lovse,0,6
plot_85,2018,minde,0,6
plot_85,2018,morka,0,10
plot_85,2018,notsa,0,10
plot_85,2018,notva,0,10
plot_85,2018,ringa,0,10
plot_85,2018,rodhe,2,10
plot_85,2018,stenk,0,10
plot_85,2018,stort,0,10
plot_85,2018,svara,1,6
plot_85,2018,svare,0,6
plot_85,2018,svars,0,10
plot_85,2018,talge,7,10
plot_85,2018,talla,3,10
plot_85,2018,taltt,0,10
plot_85,2018,tofss,0,10
plot_85,2018,trake,1,10
plot_85,2018,trapa,0,6
plot_85,2018,trase,0,6
plot_87,2017,blams,0,10
plot_87,2017,bofik,2,10
plot_87,2017,domhe,0,10
plot_87,2017,dubbt,0,10
plot_87,2017,entia,0,10
plot_87,2017,gardg,0,10
plot_87,2017,gok,0,6
plot_87,2017,grafe,0,6
plot_87,2017,gronk,0,10
plot_87,2017,jarnv,1,10
plot_87,2017,jarpe,0,10
plot_87,2017,koltt,0,10
plot_87,2017,kraka,0,10
plot_87,2017,kungl,2,10
plot_87,2017,lovse,0,6
plot_87,2017,minde,0,6
plot_87,2017,morka,0,10
plot_87,2017,notsa,0,10
plot_87,2017,notva,0,10
plot_87,2017,ringa,0,10
plot_87,2017,rodhe,3,10
plot_87,2017,stenk,0,10
plot_87,2017,stort,0,10
plot_87,2017,svara,0,6
plot_87,2017,svare,0,6
plot_87,2017,svars,0,10
plot_87,2017,talge,6,10
plot_87,2017,talla,3,10
plot_87,2017,taltt,0,10
plot_87,2017,tofss,0,10
plot_87,2017,trake,3,10
plot_87,2017,trapa,0,6
plot_87,2017,trase,0,6
plot_87,2018,blams,0,10
plot_87,2018,bofik,3,10
plot_87,2018,domhe,0,10
plot_87,2018,dubbt,0,10
plot_87,2018,entia,0,10
plot_87,2018,gardg,0,10
plot_87,2018,gok,0,6
plot_87,2018,grafe,0,6
plot_87,2018,gronk,0,10
plot_87,2018,jarnv,0,10
plot_87,2018,jarpe,0,10
plot_87,2018,koltt,0,10
plot_87,2018,kraka,0,10
plot_87,2018,kungl,2,10
plot_87,2018,lovse,0,6
plot_87,2018,minde,0,6
plot_87,2018,morka,0,10
plot_87,2018,notsa,0,10
plot_87,2018,notva,0,10
plot_87,2018,ringa,0,10
plot_87,2018,rodhe,2,10
plot_87,2018,stenk,0,10
plot_87,2018,stort,0,10
plot_87,2018,svara,0,6
plot_87,2018,svare,0,6
plot_87,2018,svars,0,10
plot_87,2018,talge,6,10
plot_87,2018,talla,0,10
plot_87,2018,taltt,0,10
plot_87,2018,tofss,0,10
plot_87,2018,trake,3,10
plot_87,2018,trapa,1,6
plot_87,2018,trase,0,6
plot_88,2017,blams,1,10
plot_88,2017,bofik,7,10
plot_88,2017,domhe,0,10
plot_88,2017,dubbt,0,10
plot_88,2017,entia,0,10
plot_88,2017,gardg,1,10
plot_88,2017,gok,0,6
plot_88,2017,grafe,0,6
plot_88,2017,gronk,0,10
plot_88,2017,jarnv,0,10
plot_88,2017,jarpe,0,10
plot_88,2017,koltt,2,10
plot_88,2017,kraka,0,10
plot_88,2017,kungl,1,10
plot_88,2017,lovse,1,6
plot_88,2017,minde,0,6
plot_88,2017,morka,0,10
plot_88,2017,notsa,0,10
plot_88,2017,notva,0,10
plot_88,2017,ringa,0,10
plot_88,2017,rodhe,2,10
plot_88,2017,stenk,0,10
plot_88,2017,stort,0,10
plot_88,2017,svara,2,6
plot_88,2017,svare,0,6
plot_88,2017,svars,1,10
plot_88,2017,talge,2,10
plot_88,2017,talla,2,10
plot_88,2017,taltt,0,10
plot_88,2017,tofss,5,10
plot_88,2017,trake,0,10
plot_88,2017,trapa,0,6
plot_88,2017,trase,0,6
plot_88,2018,blams,0,10
plot_88,2018,bofik,6,10
plot_88,2018,domhe,0,10
plot_88,2018,dubbt,0,10
plot_88,2018,entia,0,10
plot_88,2018,gardg,0,10
plot_88,2018,gok,0,6
plot_88,2018,grafe,0,6
plot_88,2018,gronk,0,10
plot_88,2018,jarnv,2,10
plot_88,2018,jarpe,0,10
plot_88,2018,koltt,2,10
plot_88,2018,kraka,0,10
plot_88,2018,kungl,3,10
plot_88,2018,lovse,5,6
plot_88,2018,minde,0,6
plot_88,2018,morka,0,10
plot_88,2018,notsa,0,10
plot_88,2018,notva,0,10
plot_88,2018,ringa,0,10
plot_88,2018,rodhe,4,10
plot_88,2018,stenk,0,10
plot_88,2018,stort,0,10
plot_88,2018,svara,0,6
plot_88,2018,svare,0,6
plot_88,2018,svars,0,10
plot_88,2018,talge,0,10
plot_88,2018,talla,1,10
plot_88,2018,taltt,0,10
plot_88,2018,tofss,1,10
plot_88,2018,trake,1,10
plot_88,2018,trapa,0,6
plot_88,2018,trase,0,6
plot_89,2017,blams,4,10
plot_89,2017,bofik,1,10
plot_89,2017,domhe,0,10
plot_89,2017,dubbt,0,10
plot_89,2017,entia,0,10
plot_89,2017,gardg,3,10
plot_89,2017,gok,0,6
plot_89,2017,grafe,0,6
plot_89,2017,gronk,0,10
plot_89,2017,jarnv,2,10
plot_89,2017,jarpe,0,10
plot_89,2017,koltt,0,10
plot_89,2017,kraka,0,10
plot_89,2017,kungl,0,10
plot_89,2017,lovse,5,6
plot_89,2017,minde,0,6
plot_89,2017,morka,0,10
plot_89,2017,notsa,0,10
plot_89,2017,notva,1,10
plot_89,2017,ringa,0,10
plot_89,2017,rodhe,1,10
plot_89,2017,stenk,0,10
plot_89,2017,stort,0,10
plot_89,2017,svara,0,6
plot_89,2017,svare,0,6
plot_89,2017,svars,0,10
plot_89,2017,talge,4,10
plot_89,2017,talla,0,10
plot_89,2017,taltt,0,10
plot_89,2017,tofss,1,10
plot_89,2017,trake,0,10
plot_89,2017,trapa,0,6
plot_89,2017,trase,0,6
plot_89,2018,blams,8,10
plot_89,2018,bofik,7,10
plot_89,2018,domhe,0,10
plot_89,2018,dubbt,0,10
plot_89,2018,entia,0,10
plot_89,2018,gardg,2,10
plot_89,2018,gok,0,6
plot_89,2018,grafe,0,6
plot_89,2018,gronk,0,10
plot_89,2018,jarnv,0,10
plot_89,2018,jarpe,0,10
plot_89,2018,koltt,0,10
plot_89,2018,kraka,0,10
plot_89,2018,kungl,2,10
plot_89,2018,lovse,5,6
plot_89,2018,minde,0,6
plot_89,2018,morka,0,10
plot_89,2018,notsa,1,10
plot_89,2018,notva,0,10
plot_89,2018,ringa,0,10
plot_89,2018,rodhe,5,10
plot_89,2018,stenk,0,10
plot_89,2018,stort,0,10
plot_89,2018,svara,1,6
plot_89,2018,svare,0,6
plot_89,2018,svars,2,10
plot_89,2018,talge,6,10
plot_89,2018,talla,4,10
plot_89,2018,taltt,0,10
plot_89,2018,tofss,0,10
plot_89,2018,trake,0,10
plot_89,2018,trapa,0,6
plot_89,2018,trase,0,6
plot_90,2017,blams,4,10
plot_90,2017,bofik,5,10
plot_90,2017,domhe,0,10
plot_90,2017,dubbt,0,10
plot_90,2017,entia,0,10
plot_90,2017,gardg,2,10
plot_90,2017,gok,0,6
plot_90,2017,grafe,0,6
plot_90,2017,gronk,0,10
plot_90,2017,jarnv,0,10
plot_90,2017,jarpe,0,10
plot_90,2017,koltt,2,10
plot_90,2017,kraka,0,10
plot_90,2017,kungl,4,10
plot_90,2017,lovse,0,6
plot_90,2017,minde,0,6
plot_90,2017,morka,0,10
plot_90,2017,notsa,0,10
plot_90,2017,notva,0,10
plot_90,2017,ringa,0,10
plot_90,2017,rodhe,3,10
plot_90,2017,stenk,0,10
plot_90,2017,stort,0,10
plot_90,2017,svara,0,6
plot_90,2017,svare,0,6
plot_90,2017,svars,0,10
plot_90,2017,talge,3,10
plot_90,2017,talla,1,10
plot_90,2017,taltt,1,10
plot_90,2017,tofss,2,10
plot_90,2017,trake,0,10
plot_90,2017,trapa,0,6
plot_90,2017,trase,0,6
plot_90,2018,blams,2,10
plot_90,2018,bofik,10,10
plot_90,2018,domhe,0,10
plot_90,2018,dubbt,0,10
plot_90,2018,entia,0,10
plot_90,2018,gardg,4,10
plot_90,2018,gok,0,6
plot_90,2018,grafe,0,6
plot_90,2018,gronk,1,10
plot_90,2018,jarnv,0,10
plot_90,2018,jarpe,0,10
plot_90,2018,koltt,0,10
plot_90,2018,kraka,0,10
plot_90,2018,kungl,3,10
plot_90,2018,lovse,0,6
plot_90,2018,minde,0,6
plot_90,2018,morka,0,10
plot_90,2018,notsa,0,10
plot_90,2018,notva,7,10
plot_90,2018,ringa,0,10
plot_90,2018,rodhe,3,10
plot_90,2018,stenk,0,10
plot_90,2018,stort,0,10
plot_90,2018,svara,0,6
plot_90,2018,svare,0,6
plot_90,2018,svars,0,10
plot_90,2018,talge,9,10
plot_90,2018,talla,0,10
plot_90,2018,taltt,1,10
plot_90,2018,tofss,4,10
plot_90,2018,trake,0,10
plot_90,2018,trapa,0,6
plot_90,2018,trase,0,6
plot_91,2017,blams,0,10
plot_91,2017,bofik,7,10
plot_91,2017,domhe,0,10
plot_91,2017,dubbt,1,10
plot_91,2017,entia,0,10
plot_91,2017,gardg,0,10
plot_91,2017,gok,0,6
plot_91,2017,grafe,0,6
plot_91,2017,gronk,0,10
plot_91,2017,jarnv,1,10
plot_91,2017,jarpe,0,10
plot_91,2017,koltt,0,10
plot_91,2017,kraka,0,10
plot_91,2017,kungl,4,10
plot_91,2017,lovse,0,6
plot_91,2017,minde,0,6
plot_91,2017,morka,0,10
plot_91,2017,notsa,0,10
plot_91,2017,notva,1,10
plot_91,2017,ringa,0,10
plot_91,2017,rodhe,0,10
plot_91,2017,stenk,0,10
plot_91,2017,stort,0,10
plot_91,2017,svara,0,6
plot_91,2017,svare,0,6
plot_91,2017,svars,1,10
plot_91,2017,talge,8,10
plot_91,2017,talla,0,10
plot_91,2017,taltt,0,10
plot_91,2017,tofss,4,10
plot_91,2017,trake,1,10
plot_91,2017,trapa,0,6
plot_91,2017,trase,0,6
plot_91,2018,blams,2,10
plot_91,2018,bofik,5,10
plot_91,2018,domhe,0,10
plot_91,2018,dubbt,0,10
plot_91,2018,entia,0,10
plot_91,2018,gardg,1,10
plot_91,2018,gok,0,6
plot_91,2018,grafe,0,6
plot_91,2018,gronk,0,10
plot_91,2018,jarnv,0,10
plot_91,2018,jarpe,0,10
plot_91,2018,koltt,1,10
plot_91,2018,kraka,0,10
plot_91,2018,kungl,0,10
plot_91,2018,lovse,0,6
plot_91,2018,minde,0,6
plot_91,2018,morka,0,10
plot_91,2018,notsa,0,10
plot_91,2018,notva,0,10
plot_91,2018,ringa,0,10
plot_91,2018,rodhe,1,10
plot_91,2018,stenk,0,10
plot_91,2018,stort,0,10
plot_91,2018,svara,0,6
plot_91,2018,svare,3,6
plot_91,2018,svars,0,10
plot_91,2018,talge,4,10
plot_91,2018,talla,1,10
plot_91,2018,taltt,2,10
plot_91,2018,tofss,2,10
plot_91,2018,trake,0,10
plot_91,2018,trapa,0,6
plot_91,2018,trase,0,6
plot_94,2017,blams,3,10
plot_94,2017,bofik,8,10
plot_94,2017,domhe,0,10
plot_94,2017,dubbt,0,10
plot_94,2017,entia,0,10
plot_94,2017,gardg,1,10
plot_94,2017,gok,0,6
plot_94,2017,grafe,0,6
plot_94,2017,gronk,0,10
plot_94,2017,jarnv,0,10
plot_94,2017,jarpe,0,10
plot_94,2017,koltt,0,10
plot_94,2017,kraka,0,10
plot_94,2017,kungl,0,10
plot_94,2017,lovse,0,6
plot_94,2017,minde,0,6
plot_94,2017,morka,0,10
plot_94,2017,notsa,0,10
plot_94,2017,notva,0,10
plot_94,2017,ringa,0,10
plot_94,2017,rodhe,2,10
plot_94,2017,stenk,0,10
plot_94,2017,stort,0,10
plot_94,2017,svara,0,6
plot_94,2017,svare,2,6
plot_94,2017,svars,0,10
plot_94,2017,talge,7,10
plot_94,2017,talla,1,10
plot_94,2017,taltt,2,10
plot_94,2017,tofss,1,10
plot_94,2017,trake,0,10
plot_94,2017,trapa,0,6
plot_94,2017,trase,0,6
plot_94,2018,blams,0,10
plot_94,2018,bofik,9,10
plot_94,2018,domhe,0,10
plot_94,2018,dubbt,2,10
plot_94,2018,entia,0,10
plot_94,2018,gardg,1,10
plot_94,2018,gok,0,6
plot_94,2018,grafe,1,6
plot_94,2018,gronk,0,10
plot_94,2018,jarnv,0,10
plot_94,2018,jarpe,0,10
plot_94,2018,koltt,0,10
plot_94,2018,kraka,0,10
plot_94,2018,kungl,2,10
plot_94,2018,lovse,2,6
plot_94,2018,minde,0,6
plot_94,2018,morka,0,10
plot_94,2018,notsa,0,10
plot_94,2018,notva,0,10
plot_94,2018,ringa,0,10
plot_94,2018,rodhe,2,10
plot_94,2018,stenk,0,10
plot_94,2018,stort,0,10
plot_94,2018,svara,0,6
plot_94,2018,svare,2,6
plot_94,2018,svars,0,10
plot_94,2018,talge,4,10
plot_94,2018,talla,0,10
plot_94,2018,taltt,1,10
plot_94,2018,tofss,1,10
plot_94,2018,trake,0,10
plot_94,2018,trapa,0,6
plot_94,2018,trase,0,6
plot_95,2017,blams,3,10
plot_95,2017,bofik,5,10
plot_95,2017,domhe,0,10
plot_95,2017,dubbt,0,10
plot_95,2017,entia,0,10
plot_95,2017,gardg,0,10
plot_95,2017,gok,0,6
plot_95,2017,grafe,0,6
plot_95,2017,gronk,0,10
plot_95,2017,jarnv,0,10
plot_95,2017,jarpe,0,10
plot_95,2017,koltt,0,10
plot_95,2017,kraka,0,10
plot_95,2017,kungl,0,10
plot_95,2017,lovse,0,6
plot_95,2017,minde,0,6
plot_95,2017,morka,0,10
plot_95,2017,notsa,0,10
plot_95,2017,notva,0,10
plot_95,2017,ringa,0,10
plot_95,2017,rodhe,4,10
plot_95,2017,stenk,0,10
plot_95,2017,stort,0,10
plot_95,2017,svara,0,6
plot_95,2017,svare,0,6
plot_95,2017,svars,0,10
plot_95,2017,talge,4,10
plot_95,2017,talla,1,10
plot_95,2017,taltt,1,10
plot_95,2017,tofss,2,10
plot_95,2017,trake,1,10
plot_95,2017,trapa,0,6
plot_95,2017,trase,0,6
plot_95,2018,blams,2,10
plot_95,2018,bofik,2,10
plot_95,2018,domhe,0,10
plot_95,2018,dubbt,1,10
plot_95,2018,entia,0,10
plot_95,2018,gardg,0,10
plot_95,2018,gok,0,6
plot_95,2018,grafe,0,6
plot_95,2018,gronk,0,10
plot_95,2018,jarnv,0,10
plot_95,2018,jarpe,0,10
plot_95,2018,koltt,1,10
plot_95,2018,kraka,0,10
plot_95,2018,kungl,1,10
plot_95,2018,lovse,1,6
plot_95,2018,minde,0,6
plot_95,2018,morka,0,10
plot_95,2018,notsa,0,10
plot_95,2018,notva,0,10
plot_95,2018,ringa,0,10
plot_95,2018,rodhe,2,10
plot_95,2018,stenk,0,10
plot_95,2018,stort,0,10
plot_95,2018,svara,0,6
plot_95,2018,svare,0,6
plot_95,2018,svars,0,10
plot_95,2018,talge,5,10
plot_95,2018,talla,2,10
plot_95,2018,taltt,0,10
plot_95,2018,tofss,0,10
plot_95,2018,trake,2,10
plot_95,2018,trapa,0,6
plot_95,2018,trase,0,6
plot_98,2017,blams,0,10
plot_98,2017,bofik,9,10
plot_98,2017,domhe,0,10
plot_98,2017,dubbt,0,10
plot_98,2017,entia,0,10
plot_98,2017,gardg,1,10
plot_98,2017,gok,0,6
plot_98,2017,grafe,0,6
plot_98,2017,gronk,0,10
plot_98,2017,jarnv,0,10
plot_98,2017,jarpe,0,10
plot_98,2017,koltt,0,10
plot_98,2017,kraka,0,10
plot_98,2017,kungl,5,10
plot_98,2017,lovse,1,6
plot_98,2017,minde,0,6
plot_98,2017,morka,0,10
plot_98,2017,notsa,0,10
plot_98,2017,notva,0,10
plot_98,2017,ringa,0,10
plot_98,2017,rodhe,2,10
plot_98,2017,stenk,0,10
plot_98,2017,stort,0,10
plot_98,2017,svara,0,6
plot_98,2017,svare,0,6
plot_98,2017,svars,1,10
plot_98,2017,talge,6,10
plot_98,2017,talla,1,10
plot_98,2017,taltt,1,10
plot_98,2017,tofss,4,10
plot_98,2017,trake,1,10
plot_98,2017,trapa,1,6
plot_98,2017,trase,0,6
plot_98,2018,blams,2,10
plot_98,2018,bofik,5,10
plot_98,2018,domhe,0,10
plot_98,2018,dubbt,0,10
plot_98,2018,entia,0,10
plot_98,2018,gardg,0,10
plot_98,2018,gok,0,6
plot_98,2018,grafe,0,6
plot_98,2018,gronk,0,10
plot_98,2018,jarnv,0,10
plot_98,2018,jarpe,0,10
plot_98,2018,koltt,2,10
plot_98,2018,kraka,0,10
plot_98,2018,kungl,1,10
plot_98,2018,lovse,0,6
plot_98,2018,minde,0,6
plot_98,2018,morka,0,10
plot_98,2018,notsa,1,10
plot_98,2018,notva,0,10
plot_98,2018,ringa,0,10
plot_98,2018,rodhe,3,10
plot_98,2018,stenk,0,10
plot_98,2018,stort,0,10
plot_98,2018,svara,0,6
plot_98,2018,svare,0,6
plot_98,2018,svars,0,10
plot_98,2018,talge,3,10
plot_98,2018,talla,0,10
plot_98,2018,taltt,2,10
plot_98,2018,tofss,1,10
plot_98,2018,trake,0,10
plot_98,2018,trapa,0,6
plot_98,2018,trase,0,6
plot_99,2017,blams,2,10
plot_99,2017,bofik,9,10
plot_99,2017,domhe,0,10
plot_99,2017,dubbt,1,10
plot_99,2017,entia,0,10
plot_99,2017,gardg,0,10
plot_99,2017,gok,0,6
plot_99,2017,grafe,1,6
plot_99,2017,gronk,0,10
plot_99,2017,jarnv,0,10
plot_99,2017,jarpe,0,10
plot_99,2017,koltt,0,10
plot_99,2017,kraka,0,10
plot_99,2017,kungl,1,10
plot_99,2017,lovse,0,6
plot_99,2017,minde,0,6
plot_99,2017,morka,0,10
plot_99,2017,notsa,0,10
plot_99,2017,notva,0,10
plot_99,2017,ringa,0,10
plot_99,2017,rodhe,6,10
plot_99,2017,stenk,0,10
plot_99,2017,stort,0,10
plot_99,2017,svara,0,6
plot_99,2017,svare,0,6
plot_99,2017,svars,0,10
plot_99,2017,talge,4,10
plot_99,2017,talla,2,10
plot_99,2017,taltt,0,10
plot_99,2017,tofss,1,10
plot_99,2017,trake,1,10
plot_99,2017,trapa,0,6
plot_99,2017,trase,0,6
plot_99,2018,blams,1,10
plot_99,2018,bofik,8,10
plot_99,2018,domhe,0,10
plot_99,2018,dubbt,0,10
plot_99,2018,entia,0,10
plot_99,2018,gardg,0,10
plot_99,2018,gok,0,6
plot_99,2018,grafe,0,6
plot_99,2018,gronk,0,10
plot_99,2018,jarnv,0,10
plot_99,2018,jarpe,0,10
plot_99,2018,koltt,1,10
plot_99,2018,kraka,0,10
plot_99,2018,kungl,2,10
plot_99,2018,lovse,0,6
plot_99,2018,minde,0,6
plot_99,2018,morka,0,10
plot_99,2018,notsa,1,10
plot_99,2018,notva,0,10
plot_99,2018,ringa,0,10
plot_99,2018,rodhe,3,10
plot_99,2018,stenk,0,10
plot_99,2018,stort,0,10
plot_99,2018,svara,0,6
plot_99,2018,svare,0,6
plot_99,2018,svars,0,10
plot_99,2018,talge,3,10
plot_99,2018,talla,0,10
plot_99,2018,taltt,0,10
plot_99,2018,tofss,0,10
plot_99,2018,trake,2,10
plot_99,2018,trapa,0,6
plot_99,2018,trase,0,6
